order_id,item_id,product_id,quantity,list_price,discount,total_price
1,1,20,1,599.99,0.2,599.79
1,2,8,2,1799.99,0.07,3599.91
1,3,10,2,1549.0,0.05,3097.95
1,4,16,2,599.99,0.05,1199.93
1,5,4,1,2899.99,0.2,2899.79
2,1,20,1,599.99,0.07,599.92
2,2,16,2,599.99,0.05,1199.93
3,1,3,1,999.99,0.05,999.94
3,2,20,1,599.99,0.05,599.94
4,1,2,2,749.99,0.1,1499.88
5,1,10,2,1549.0,0.05,3097.95
5,2,17,1,429.0,0.07,428.93
5,3,26,1,599.99,0.07,599.92
6,1,18,1,449.0,0.07,448.93
6,2,12,2,549.99,0.05,1099.93
6,3,20,1,599.99,0.1,599.89
6,4,3,2,999.99,0.07,1999.91
6,5,9,2,2999.99,0.07,5999.91
7,1,15,1,529.99,0.07,529.92
7,2,3,1,999.99,0.1,999.89
7,3,17,2,429.0,0.1,857.9
8,1,22,1,269.99,0.05,269.94
8,2,20,2,599.99,0.07,1199.91
9,1,7,2,3999.99,0.1,7999.88
10,1,14,1,269.99,0.1,269.89
11,1,8,1,1799.99,0.05,1799.94
11,2,22,2,269.99,0.1,539.88
11,3,16,2,599.99,0.2,1199.78
12,1,4,2,2899.99,0.1,5799.88
12,2,11,1,1680.99,0.05,1680.94
13,1,13,1,269.99,0.1,269.89
13,2,17,2,429.0,0.05,857.95
13,3,20,2,599.99,0.1,1199.88
13,4,16,2,599.99,0.05,1199.93
14,1,6,1,469.99,0.07,469.92
15,1,12,2,549.99,0.07,1099.91
15,2,8,1,1799.99,0.07,1799.92
15,3,18,2,449.0,0.05,897.95
15,4,23,2,299.99,0.2,599.78
16,1,8,1,1799.99,0.2,1799.79
16,2,21,1,269.99,0.05,269.94
16,3,13,2,269.99,0.07,539.91
16,4,14,1,269.99,0.07,269.92
17,1,8,1,1799.99,0.07,1799.92
17,2,23,1,299.99,0.1,299.89
17,3,5,1,1320.99,0.1,1320.89
17,4,20,2,599.99,0.2,1199.78
18,1,2,2,749.99,0.2,1499.78
18,2,22,1,269.99,0.05,269.94
18,3,7,1,3999.99,0.1,3999.89
18,4,25,2,499.99,0.05,999.93
18,5,9,2,2999.99,0.1,5999.88
19,1,10,1,1549.0,0.07,1548.93
19,2,9,2,2999.99,0.2,5999.78
20,1,9,1,2999.99,0.07,2999.92
20,2,10,2,1549.0,0.07,3097.93
21,1,14,1,269.99,0.05,269.94
21,2,17,1,429.0,0.1,428.9
21,3,10,1,1549.0,0.07,1548.93
22,1,15,2,529.99,0.2,1059.78
22,2,22,1,269.99,0.05,269.94
23,1,4,2,2899.99,0.05,5799.93
23,2,23,2,299.99,0.1,599.88
23,3,13,1,269.99,0.2,269.79
24,1,3,2,999.99,0.1,1999.88
24,2,18,2,449.0,0.07,897.93
25,1,23,2,299.99,0.2,599.78
25,2,10,2,1549.0,0.2,3097.8
25,3,22,1,269.99,0.2,269.79
25,4,14,1,269.99,0.2,269.79
25,5,21,1,269.99,0.1,269.89
26,1,7,1,3999.99,0.05,3999.94
26,2,2,1,749.99,0.2,749.79
26,3,12,1,549.99,0.2,549.79
26,4,21,2,269.99,0.07,539.91
27,1,5,1,1320.99,0.2,1320.79
27,2,19,1,449.0,0.2,448.8
27,3,26,2,599.99,0.07,1199.91
27,4,8,1,1799.99,0.07,1799.92
28,1,5,1,1320.99,0.05,1320.94
28,2,7,2,3999.99,0.2,7999.78
28,3,14,2,269.99,0.1,539.88
28,4,6,1,469.99,0.05,469.94
29,1,24,2,549.99,0.05,1099.93
29,2,6,1,469.99,0.2,469.79
29,3,21,2,269.99,0.1,539.88
29,4,8,1,1799.99,0.2,1799.79
29,5,14,2,269.99,0.05,539.93
30,1,26,1,599.99,0.05,599.94
30,2,17,1,429.0,0.07,428.93
30,3,19,1,449.0,0.1,448.9
30,4,4,1,2899.99,0.1,2899.89
30,5,7,2,3999.99,0.1,7999.88
31,1,11,2,1680.99,0.05,3361.93
31,2,9,2,2999.99,0.2,5999.78
32,1,8,2,1799.99,0.07,3599.91
32,2,12,2,549.99,0.07,1099.91
32,3,25,2,499.99,0.1,999.88
33,1,23,2,299.99,0.07,599.91
33,2,7,1,3999.99,0.1,3999.89
34,1,8,2,1799.99,0.07,3599.91
34,2,10,2,1549.0,0.1,3097.9
34,3,17,2,429.0,0.2,857.8
35,1,18,1,449.0,0.05,448.95
35,2,20,2,599.99,0.05,1199.93
35,3,5,1,1320.99,0.2,1320.79
35,4,21,2,269.99,0.07,539.91
35,5,22,1,269.99,0.07,269.92
36,1,9,1,2999.99,0.07,2999.92
36,2,5,1,1320.99,0.05,1320.94
36,3,3,2,999.99,0.2,1999.78
37,1,16,2,599.99,0.05,1199.93
38,1,7,2,3999.99,0.05,7999.93
38,2,23,1,299.99,0.07,299.92
38,3,25,1,499.99,0.2,499.79
38,4,10,2,1549.0,0.1,3097.9
38,5,24,1,549.99,0.07,549.92
39,1,22,2,269.99,0.2,539.78
39,2,16,2,599.99,0.2,1199.78
39,3,3,2,999.99,0.05,1999.93
39,4,15,1,529.99,0.1,529.89
40,1,17,1,429.0,0.2,428.8
40,2,8,2,1799.99,0.2,3599.78
41,1,5,1,1320.99,0.1,1320.89
41,2,19,2,449.0,0.2,897.8
41,3,26,2,599.99,0.2,1199.78
42,1,19,1,449.0,0.05,448.95
43,1,13,2,269.99,0.1,539.88
43,2,12,2,549.99,0.05,1099.93
44,1,7,1,3999.99,0.1,3999.89
44,2,16,1,599.99,0.05,599.94
45,1,4,2,2899.99,0.2,5799.78
45,2,22,1,269.99,0.07,269.92
45,3,21,2,269.99,0.05,539.93
46,1,17,1,429.0,0.1,428.9
47,1,6,1,469.99,0.05,469.94
47,2,15,1,529.99,0.1,529.89
47,3,25,2,499.99,0.07,999.91
47,4,13,1,269.99,0.2,269.79
48,1,11,1,1680.99,0.1,1680.89
48,2,4,1,2899.99,0.2,2899.79
48,3,5,2,1320.99,0.1,2641.88
48,4,14,2,269.99,0.07,539.91
49,1,13,2,269.99,0.07,539.91
50,1,3,1,999.99,0.05,999.94
50,2,26,2,599.99,0.07,1199.91
50,3,13,2,269.99,0.2,539.78
51,1,13,1,269.99,0.05,269.94
51,2,20,1,599.99,0.05,599.94
51,3,26,2,599.99,0.2,1199.78
52,1,25,1,499.99,0.07,499.92
53,1,8,2,1799.99,0.2,3599.78
53,2,23,2,299.99,0.05,599.93
53,3,14,2,269.99,0.2,539.78
53,4,25,2,499.99,0.1,999.88
54,1,26,2,599.99,0.2,1199.78
54,2,3,1,999.99,0.2,999.79
55,1,21,1,269.99,0.05,269.94
55,2,25,2,499.99,0.2,999.78
55,3,15,2,529.99,0.2,1059.78
56,1,20,2,599.99,0.07,1199.91
57,1,23,2,299.99,0.1,599.88
57,2,19,2,449.0,0.2,897.8
57,3,13,1,269.99,0.07,269.92
58,1,14,2,269.99,0.05,539.93
58,2,18,1,449.0,0.07,448.93
58,3,23,1,299.99,0.1,299.89
59,1,21,1,269.99,0.05,269.94
59,2,2,1,749.99,0.1,749.89
59,3,17,2,429.0,0.1,857.9
60,1,14,2,269.99,0.05,539.93
60,2,4,1,2899.99,0.1,2899.89
60,3,15,1,529.99,0.07,529.92
60,4,22,1,269.99,0.2,269.79
61,1,25,1,499.99,0.1,499.89
61,2,15,2,529.99,0.05,1059.93
61,3,5,2,1320.99,0.2,2641.78
62,1,14,1,269.99,0.07,269.92
62,2,8,2,1799.99,0.1,3599.88
62,3,22,2,269.99,0.1,539.88
63,1,25,2,499.99,0.1,999.88
63,2,19,2,449.0,0.05,897.95
63,3,3,1,999.99,0.1,999.89
64,1,25,2,499.99,0.1,999.88
64,2,22,2,269.99,0.2,539.78
64,3,23,2,299.99,0.2,599.78
64,4,24,2,549.99,0.1,1099.88
65,1,12,1,549.99,0.1,549.89
66,1,2,1,749.99,0.2,749.79
66,2,23,1,299.99,0.07,299.92
66,3,12,1,549.99,0.07,549.92
67,1,23,2,299.99,0.2,599.78
67,2,12,2,549.99,0.1,1099.88
67,3,21,1,269.99,0.2,269.79
67,4,5,2,1320.99,0.1,2641.88
67,5,19,1,449.0,0.2,448.8
68,1,13,2,269.99,0.07,539.91
68,2,17,1,429.0,0.1,428.9
69,1,22,2,269.99,0.1,539.88
69,2,5,1,1320.99,0.2,1320.79
69,3,10,1,1549.0,0.05,1548.95
70,1,3,2,999.99,0.05,1999.93
70,2,18,1,449.0,0.2,448.8
70,3,20,1,599.99,0.05,599.94
71,1,26,2,599.99,0.05,1199.93
71,2,24,1,549.99,0.2,549.79
71,3,18,1,449.0,0.1,448.9
72,1,17,2,429.0,0.07,857.93
72,2,12,1,549.99,0.05,549.94
72,3,13,2,269.99,0.1,539.88
73,1,22,1,269.99,0.07,269.92
73,2,26,2,599.99,0.05,1199.93
73,3,3,2,999.99,0.07,1999.91
73,4,25,1,499.99,0.07,499.92
73,5,23,2,299.99,0.2,599.78
74,1,16,2,599.99,0.05,1199.93
74,2,6,1,469.99,0.07,469.92
75,1,3,1,999.99,0.1,999.89
75,2,7,2,3999.99,0.07,7999.91
75,3,15,1,529.99,0.2,529.79
76,1,12,1,549.99,0.05,549.94
76,2,11,2,1680.99,0.1,3361.88
76,3,5,1,1320.99,0.07,1320.92
77,1,20,1,599.99,0.07,599.92
77,2,24,2,549.99,0.1,1099.88
77,3,26,1,599.99,0.2,599.79
77,4,25,1,499.99,0.2,499.79
78,1,17,1,429.0,0.07,428.93
78,2,19,1,449.0,0.2,448.8
78,3,18,2,449.0,0.1,897.9
78,4,14,2,269.99,0.1,539.88
79,1,9,2,2999.99,0.1,5999.88
79,2,17,2,429.0,0.05,857.95
79,3,6,1,469.99,0.1,469.89
79,4,25,2,499.99,0.07,999.91
80,1,26,1,599.99,0.1,599.89
80,2,24,1,549.99,0.1,549.89
80,3,17,1,429.0,0.2,428.8
81,1,10,2,1549.0,0.2,3097.8
81,2,23,2,299.99,0.05,599.93
81,3,25,2,499.99,0.05,999.93
82,1,25,2,499.99,0.1,999.88
82,2,11,2,1680.99,0.2,3361.78
83,1,20,1,599.99,0.2,599.79
83,2,3,2,999.99,0.05,1999.93
84,1,23,2,299.99,0.07,599.91
84,2,15,2,529.99,0.07,1059.91
85,1,4,2,2899.99,0.05,5799.93
85,2,18,1,449.0,0.07,448.93
86,1,9,2,2999.99,0.1,5999.88
86,2,23,2,299.99,0.07,599.91
86,3,21,2,269.99,0.2,539.78
86,4,15,1,529.99,0.1,529.89
87,1,20,2,599.99,0.2,1199.78
87,2,23,2,299.99,0.1,599.88
88,1,10,1,1549.0,0.07,1548.93
88,2,8,2,1799.99,0.1,3599.88
88,3,7,1,3999.99,0.1,3999.89
89,1,5,1,1320.99,0.05,1320.94
89,2,6,2,469.99,0.1,939.88
90,1,3,1,999.99,0.1,999.89
90,2,6,1,469.99,0.07,469.92
91,1,11,1,1680.99,0.1,1680.89
91,2,25,1,499.99,0.05,499.94
91,3,15,2,529.99,0.07,1059.91
91,4,13,2,269.99,0.07,539.91
92,1,8,1,1799.99,0.1,1799.89
93,1,22,2,269.99,0.07,539.91
93,2,17,1,429.0,0.05,428.95
93,3,21,1,269.99,0.1,269.89
93,4,2,1,749.99,0.2,749.79
93,5,10,2,1549.0,0.07,3097.93
94,1,12,1,549.99,0.05,549.94
94,2,4,1,2899.99,0.2,2899.79
94,3,11,1,1680.99,0.2,1680.79
94,4,21,2,269.99,0.07,539.91
95,1,10,2,1549.0,0.2,3097.8
95,2,19,1,449.0,0.1,448.9
95,3,8,2,1799.99,0.2,3599.78
95,4,20,2,599.99,0.05,1199.93
96,1,26,1,599.99,0.1,599.89
96,2,23,1,299.99,0.05,299.94
97,1,20,2,599.99,0.2,1199.78
97,2,2,1,749.99,0.07,749.92
97,3,6,2,469.99,0.2,939.78
97,4,19,1,449.0,0.1,448.9
98,1,19,1,449.0,0.07,448.93
98,2,21,1,269.99,0.1,269.89
98,3,2,1,749.99,0.2,749.79
98,4,22,2,269.99,0.2,539.78
99,1,13,1,269.99,0.2,269.79
99,2,21,1,269.99,0.2,269.79
99,3,25,2,499.99,0.05,999.93
99,4,7,2,3999.99,0.07,7999.91
99,5,23,2,299.99,0.2,599.78
100,1,12,2,549.99,0.05,1099.93
100,2,11,2,1680.99,0.1,3361.88
100,3,7,2,3999.99,0.2,7999.78
100,4,16,2,599.99,0.2,1199.78
100,5,24,2,549.99,0.1,1099.88
101,1,12,2,549.99,0.2,1099.78
102,1,15,1,529.99,0.05,529.94
102,2,22,1,269.99,0.07,269.92
103,1,17,1,429.0,0.07,428.93
103,2,3,1,999.99,0.05,999.94
103,3,18,1,449.0,0.2,448.8
103,4,15,2,529.99,0.1,1059.88
103,5,9,2,2999.99,0.1,5999.88
104,1,19,2,449.0,0.1,897.9
104,2,26,1,599.99,0.05,599.94
105,1,11,2,1680.99,0.2,3361.78
105,2,3,1,999.99,0.05,999.94
105,3,9,1,2999.99,0.05,2999.94
106,1,17,1,429.0,0.1,428.9
106,2,13,2,269.99,0.1,539.88
107,1,19,1,449.0,0.2,448.8
107,2,13,2,269.99,0.1,539.88
108,1,11,1,1680.99,0.1,1680.89
108,2,22,2,269.99,0.07,539.91
108,3,16,2,599.99,0.05,1199.93
109,1,22,2,269.99,0.1,539.88
109,2,6,1,469.99,0.07,469.92
110,1,14,1,269.99,0.1,269.89
111,1,14,1,269.99,0.1,269.89
111,2,12,2,549.99,0.07,1099.91
112,1,23,2,299.99,0.2,599.78
112,2,25,2,499.99,0.07,999.91
112,3,24,2,549.99,0.05,1099.93
112,4,5,1,1320.99,0.2,1320.79
113,1,12,2,549.99,0.07,1099.91
113,2,24,2,549.99,0.1,1099.88
113,3,6,1,469.99,0.07,469.92
113,4,23,1,299.99,0.2,299.79
113,5,5,2,1320.99,0.2,2641.78
114,1,12,1,549.99,0.05,549.94
114,2,2,1,749.99,0.07,749.92
114,3,13,2,269.99,0.1,539.88
115,1,22,1,269.99,0.2,269.79
115,2,19,1,449.0,0.1,448.9
116,1,26,1,599.99,0.05,599.94
117,1,22,2,269.99,0.2,539.78
117,2,26,1,599.99,0.05,599.94
117,3,14,1,269.99,0.2,269.79
117,4,19,1,449.0,0.05,448.95
118,1,18,1,449.0,0.07,448.93
118,2,4,1,2899.99,0.07,2899.92
118,3,6,1,469.99,0.07,469.92
118,4,3,2,999.99,0.1,1999.88
118,5,23,2,299.99,0.07,599.91
119,1,25,1,499.99,0.05,499.94
120,1,13,2,269.99,0.05,539.93
120,2,6,2,469.99,0.05,939.93
120,3,10,2,1549.0,0.05,3097.95
120,4,17,1,429.0,0.05,428.95
120,5,16,2,599.99,0.2,1199.78
121,1,5,1,1320.99,0.2,1320.79
121,2,14,2,269.99,0.1,539.88
121,3,4,2,2899.99,0.1,5799.88
121,4,24,2,549.99,0.07,1099.91
121,5,2,2,749.99,0.05,1499.93
122,1,16,1,599.99,0.1,599.89
123,1,12,2,549.99,0.1,1099.88
124,1,16,1,599.99,0.05,599.94
124,2,4,1,2899.99,0.07,2899.92
124,3,7,2,3999.99,0.05,7999.93
125,1,17,1,429.0,0.1,428.9
126,1,9,2,2999.99,0.05,5999.93
127,1,17,1,429.0,0.07,428.93
127,2,20,1,599.99,0.1,599.89
127,3,4,2,2899.99,0.07,5799.91
128,1,24,2,549.99,0.1,1099.88
128,2,16,2,599.99,0.1,1199.88
128,3,4,2,2899.99,0.2,5799.78
128,4,3,2,999.99,0.2,1999.78
129,1,18,1,449.0,0.1,448.9
129,2,9,1,2999.99,0.1,2999.89
130,1,26,1,599.99,0.05,599.94
130,2,5,2,1320.99,0.07,2641.91
131,1,22,2,269.99,0.2,539.78
131,2,4,2,2899.99,0.07,5799.91
131,3,24,2,549.99,0.1,1099.88
132,1,2,2,749.99,0.05,1499.93
132,2,20,1,599.99,0.05,599.94
132,3,9,1,2999.99,0.1,2999.89
133,1,13,2,269.99,0.05,539.93
133,2,22,1,269.99,0.2,269.79
134,1,19,2,449.0,0.1,897.9
134,2,2,2,749.99,0.07,1499.91
134,3,18,2,449.0,0.07,897.93
135,1,5,2,1320.99,0.05,2641.93
135,2,18,2,449.0,0.05,897.95
135,3,25,1,499.99,0.2,499.79
135,4,2,1,749.99,0.05,749.94
136,1,7,2,3999.99,0.2,7999.78
136,2,3,2,999.99,0.05,1999.93
137,1,23,1,299.99,0.07,299.92
137,2,22,1,269.99,0.1,269.89
138,1,16,2,599.99,0.1,1199.88
138,2,6,1,469.99,0.2,469.79
139,1,19,2,449.0,0.07,897.93
139,2,3,1,999.99,0.07,999.92
140,1,15,1,529.99,0.2,529.79
140,2,21,1,269.99,0.2,269.79
140,3,12,2,549.99,0.2,1099.78
140,4,3,1,999.99,0.05,999.94
141,1,18,1,449.0,0.2,448.8
142,1,16,2,599.99,0.1,1199.88
142,2,11,2,1680.99,0.1,3361.88
142,3,19,1,449.0,0.07,448.93
143,1,6,1,469.99,0.2,469.79
144,1,8,2,1799.99,0.05,3599.93
145,1,11,1,1680.99,0.2,1680.79
145,2,9,2,2999.99,0.1,5999.88
146,1,3,2,999.99,0.2,1999.78
146,2,12,1,549.99,0.1,549.89
146,3,20,2,599.99,0.1,1199.88
146,4,6,2,469.99,0.05,939.93
146,5,2,1,749.99,0.07,749.92
147,1,26,2,599.99,0.2,1199.78
148,1,14,1,269.99,0.05,269.94
149,1,12,2,549.99,0.07,1099.91
149,2,21,2,269.99,0.07,539.91
150,1,7,1,3999.99,0.1,3999.89
150,2,3,1,999.99,0.2,999.79
150,3,17,1,429.0,0.07,428.93
150,4,25,2,499.99,0.07,999.91
151,1,17,1,429.0,0.1,428.9
151,2,26,1,599.99,0.1,599.89
152,1,6,2,469.99,0.2,939.78
152,2,22,2,269.99,0.2,539.78
152,3,16,2,599.99,0.07,1199.91
153,1,16,1,599.99,0.07,599.92
153,2,8,1,1799.99,0.07,1799.92
153,3,15,2,529.99,0.05,1059.93
154,1,12,1,549.99,0.1,549.89
155,1,8,1,1799.99,0.1,1799.89
156,1,18,2,449.0,0.2,897.8
156,2,17,2,429.0,0.05,857.95
156,3,6,1,469.99,0.07,469.92
157,1,4,1,2899.99,0.1,2899.89
157,2,7,2,3999.99,0.07,7999.91
158,1,24,1,549.99,0.1,549.89
159,1,13,1,269.99,0.2,269.79
160,1,21,1,269.99,0.07,269.92
160,2,15,2,529.99,0.07,1059.91
160,3,18,2,449.0,0.1,897.9
160,4,11,1,1680.99,0.05,1680.94
161,1,24,2,549.99,0.07,1099.91
161,2,22,1,269.99,0.05,269.94
161,3,7,2,3999.99,0.05,7999.93
162,1,18,1,449.0,0.07,448.93
162,2,21,2,269.99,0.07,539.91
162,3,3,2,999.99,0.1,1999.88
163,1,12,1,549.99,0.1,549.89
163,2,18,1,449.0,0.2,448.8
164,1,4,2,2899.99,0.05,5799.93
164,2,10,2,1549.0,0.05,3097.95
164,3,14,1,269.99,0.1,269.89
165,1,4,2,2899.99,0.05,5799.93
165,2,23,1,299.99,0.2,299.79
165,3,2,1,749.99,0.05,749.94
166,1,10,2,1549.0,0.1,3097.9
166,2,11,1,1680.99,0.2,1680.79
167,1,12,1,549.99,0.05,549.94
167,2,10,1,1549.0,0.2,1548.8
167,3,13,2,269.99,0.05,539.93
167,4,7,2,3999.99,0.05,7999.93
168,1,6,1,469.99,0.1,469.89
168,2,11,2,1680.99,0.07,3361.91
168,3,12,2,549.99,0.07,1099.91
168,4,22,2,269.99,0.2,539.78
169,1,20,2,599.99,0.1,1199.88
169,2,5,1,1320.99,0.05,1320.94
169,3,10,1,1549.0,0.2,1548.8
169,4,11,1,1680.99,0.2,1680.79
169,5,14,2,269.99,0.05,539.93
170,1,12,2,549.99,0.1,1099.88
170,2,24,1,549.99,0.05,549.94
170,3,7,1,3999.99,0.2,3999.79
170,4,18,2,449.0,0.05,897.95
171,1,8,1,1799.99,0.05,1799.94
172,1,23,1,299.99,0.07,299.92
172,2,16,1,599.99,0.2,599.79
173,1,14,1,269.99,0.05,269.94
173,2,16,1,599.99,0.2,599.79
173,3,20,2,599.99,0.05,1199.93
174,1,22,2,269.99,0.2,539.78
174,2,19,2,449.0,0.1,897.9
175,1,5,1,1320.99,0.1,1320.89
175,2,2,2,749.99,0.2,1499.78
175,3,21,2,269.99,0.1,539.88
175,4,19,1,449.0,0.07,448.93
176,1,2,2,749.99,0.07,1499.91
176,2,11,2,1680.99,0.2,3361.78
176,3,16,2,599.99,0.05,1199.93
177,1,20,2,599.99,0.1,1199.88
178,1,10,2,1549.0,0.2,3097.8
178,2,12,1,549.99,0.05,549.94
178,3,3,1,999.99,0.1,999.89
178,4,18,1,449.0,0.07,448.93
179,1,13,2,269.99,0.05,539.93
179,2,26,1,599.99,0.1,599.89
179,3,18,1,449.0,0.2,448.8
179,4,12,2,549.99,0.2,1099.78
179,5,20,2,599.99,0.1,1199.88
180,1,16,1,599.99,0.07,599.92
181,1,10,1,1549.0,0.05,1548.95
181,2,11,1,1680.99,0.1,1680.89
181,3,15,2,529.99,0.2,1059.78
181,4,24,2,549.99,0.05,1099.93
182,1,25,2,499.99,0.05,999.93
182,2,24,2,549.99,0.07,1099.91
183,1,11,2,1680.99,0.2,3361.78
183,2,12,2,549.99,0.05,1099.93
183,3,19,1,449.0,0.07,448.93
183,4,17,1,429.0,0.07,428.93
184,1,4,1,2899.99,0.2,2899.79
184,2,5,1,1320.99,0.1,1320.89
184,3,14,1,269.99,0.1,269.89
185,1,20,1,599.99,0.1,599.89
185,2,8,1,1799.99,0.05,1799.94
186,1,4,1,2899.99,0.1,2899.89
186,2,6,1,469.99,0.1,469.89
187,1,5,1,1320.99,0.05,1320.94
188,1,7,2,3999.99,0.07,7999.91
189,1,16,2,599.99,0.2,1199.78
190,1,24,1,549.99,0.05,549.94
190,2,15,1,529.99,0.2,529.79
190,3,3,2,999.99,0.2,1999.78
191,1,25,1,499.99,0.05,499.94
191,2,12,2,549.99,0.2,1099.78
191,3,3,1,999.99,0.07,999.92
191,4,8,2,1799.99,0.05,3599.93
191,5,23,1,299.99,0.05,299.94
192,1,8,2,1799.99,0.1,3599.88
192,2,25,1,499.99,0.07,499.92
192,3,2,1,749.99,0.05,749.94
192,4,24,2,549.99,0.07,1099.91
192,5,10,2,1549.0,0.2,3097.8
193,1,12,2,549.99,0.1,1099.88
194,1,21,2,269.99,0.2,539.78
195,1,18,1,449.0,0.2,448.8
195,2,14,1,269.99,0.05,269.94
195,3,5,2,1320.99,0.2,2641.78
195,4,4,2,2899.99,0.2,5799.78
195,5,21,2,269.99,0.1,539.88
196,1,6,1,469.99,0.05,469.94
196,2,3,2,999.99,0.07,1999.91
196,3,10,2,1549.0,0.07,3097.93
196,4,12,1,549.99,0.07,549.92
196,5,20,1,599.99,0.1,599.89
197,1,4,2,2899.99,0.2,5799.78
197,2,2,2,749.99,0.07,1499.91
198,1,6,2,469.99,0.05,939.93
198,2,20,2,599.99,0.07,1199.91
198,3,8,2,1799.99,0.2,3599.78
198,4,13,2,269.99,0.05,539.93
198,5,17,1,429.0,0.05,428.95
199,1,25,2,499.99,0.05,999.93
199,2,18,2,449.0,0.07,897.93
199,3,4,1,2899.99,0.2,2899.79
200,1,23,2,299.99,0.05,599.93
200,2,22,2,269.99,0.07,539.91
201,1,24,1,549.99,0.05,549.94
201,2,7,1,3999.99,0.2,3999.79
201,3,14,2,269.99,0.1,539.88
201,4,17,1,429.0,0.05,428.95
202,1,8,1,1799.99,0.07,1799.92
202,2,17,1,429.0,0.05,428.95
202,3,15,2,529.99,0.05,1059.93
202,4,25,2,499.99,0.05,999.93
203,1,26,1,599.99,0.05,599.94
203,2,3,2,999.99,0.1,1999.88
203,3,17,2,429.0,0.2,857.8
203,4,19,2,449.0,0.07,897.93
204,1,6,2,469.99,0.07,939.91
204,2,17,2,429.0,0.1,857.9
205,1,22,2,269.99,0.05,539.93
205,2,24,2,549.99,0.1,1099.88
206,1,25,1,499.99,0.05,499.94
206,2,20,1,599.99,0.2,599.79
207,1,12,2,549.99,0.2,1099.78
207,2,5,1,1320.99,0.05,1320.94
207,3,11,2,1680.99,0.07,3361.91
207,4,7,2,3999.99,0.1,7999.88
208,1,6,2,469.99,0.05,939.93
208,2,4,2,2899.99,0.07,5799.91
208,3,3,1,999.99,0.05,999.94
208,4,12,1,549.99,0.2,549.79
208,5,10,2,1549.0,0.05,3097.95
209,1,13,1,269.99,0.1,269.89
210,1,14,1,269.99,0.07,269.92
210,2,13,2,269.99,0.2,539.78
211,1,10,1,1549.0,0.07,1548.93
211,2,2,2,749.99,0.07,1499.91
212,1,16,2,599.99,0.07,1199.91
212,2,12,2,549.99,0.2,1099.78
212,3,19,1,449.0,0.1,448.9
212,4,7,1,3999.99,0.2,3999.79
213,1,13,1,269.99,0.1,269.89
214,1,21,1,269.99,0.1,269.89
215,1,19,1,449.0,0.07,448.93
215,2,12,2,549.99,0.1,1099.88
216,1,22,2,269.99,0.1,539.88
216,2,16,2,599.99,0.05,1199.93
217,1,18,1,449.0,0.1,448.9
217,2,10,2,1549.0,0.1,3097.9
217,3,17,1,429.0,0.07,428.93
218,1,2,2,749.99,0.1,1499.88
218,2,13,1,269.99,0.07,269.92
218,3,12,1,549.99,0.05,549.94
219,1,26,1,599.99,0.05,599.94
219,2,5,1,1320.99,0.2,1320.79
220,1,6,2,469.99,0.05,939.93
220,2,25,1,499.99,0.07,499.92
220,3,22,2,269.99,0.1,539.88
220,4,3,2,999.99,0.2,1999.78
221,1,11,2,1680.99,0.07,3361.91
222,1,10,1,1549.0,0.1,1548.9
222,2,2,2,749.99,0.1,1499.88
223,1,7,2,3999.99,0.05,7999.93
223,2,5,1,1320.99,0.2,1320.79
223,3,21,2,269.99,0.1,539.88
223,4,20,1,599.99,0.05,599.94
223,5,15,1,529.99,0.05,529.94
224,1,6,1,469.99,0.07,469.92
224,2,11,2,1680.99,0.1,3361.88
224,3,10,2,1549.0,0.2,3097.8
224,4,25,1,499.99,0.05,499.94
225,1,21,1,269.99,0.1,269.89
225,2,9,1,2999.99,0.1,2999.89
226,1,2,1,749.99,0.05,749.94
227,1,3,2,999.99,0.05,1999.93
227,2,15,2,529.99,0.1,1059.88
228,1,25,1,499.99,0.2,499.79
228,2,2,2,749.99,0.07,1499.91
228,3,23,2,299.99,0.1,599.88
228,4,4,1,2899.99,0.2,2899.79
228,5,22,1,269.99,0.05,269.94
229,1,25,2,499.99,0.2,999.78
229,2,5,2,1320.99,0.1,2641.88
229,3,8,1,1799.99,0.2,1799.79
230,1,11,2,1680.99,0.07,3361.91
231,1,8,2,1799.99,0.07,3599.91
231,2,14,2,269.99,0.2,539.78
231,3,5,2,1320.99,0.2,2641.78
232,1,18,1,449.0,0.07,448.93
232,2,11,2,1680.99,0.05,3361.93
232,3,26,2,599.99,0.07,1199.91
232,4,8,2,1799.99,0.1,3599.88
233,1,14,1,269.99,0.1,269.89
233,2,16,2,599.99,0.1,1199.88
233,3,12,1,549.99,0.2,549.79
233,4,15,2,529.99,0.07,1059.91
234,1,11,2,1680.99,0.2,3361.78
234,2,17,2,429.0,0.05,857.95
234,3,12,1,549.99,0.1,549.89
234,4,7,1,3999.99,0.05,3999.94
234,5,23,1,299.99,0.1,299.89
235,1,6,1,469.99,0.07,469.92
235,2,13,2,269.99,0.05,539.93
235,3,7,2,3999.99,0.05,7999.93
236,1,3,2,999.99,0.07,1999.91
236,2,2,2,749.99,0.1,1499.88
236,3,4,2,2899.99,0.1,5799.88
237,1,15,1,529.99,0.2,529.79
237,2,24,1,549.99,0.07,549.92
237,3,20,2,599.99,0.2,1199.78
237,4,26,1,599.99,0.05,599.94
238,1,20,2,599.99,0.2,1199.78
238,2,25,1,499.99,0.07,499.92
238,3,13,2,269.99,0.2,539.78
238,4,22,2,269.99,0.05,539.93
238,5,7,1,3999.99,0.07,3999.92
239,1,16,2,599.99,0.1,1199.88
239,2,21,2,269.99,0.05,539.93
239,3,18,1,449.0,0.07,448.93
239,4,4,2,2899.99,0.07,5799.91
240,1,9,1,2999.99,0.07,2999.92
240,2,8,1,1799.99,0.07,1799.92
240,3,5,1,1320.99,0.07,1320.92
240,4,18,2,449.0,0.07,897.93
241,1,7,1,3999.99,0.2,3999.79
242,1,3,1,999.99,0.2,999.79
243,1,25,2,499.99,0.05,999.93
243,2,19,2,449.0,0.07,897.93
243,3,7,2,3999.99,0.05,7999.93
244,1,19,1,449.0,0.07,448.93
244,2,25,1,499.99,0.2,499.79
244,3,22,1,269.99,0.1,269.89
245,1,10,2,1549.0,0.05,3097.95
245,2,8,1,1799.99,0.1,1799.89
246,1,17,2,429.0,0.2,857.8
247,1,25,1,499.99,0.07,499.92
247,2,3,1,999.99,0.2,999.79
248,1,13,1,269.99,0.1,269.89
248,2,26,2,599.99,0.1,1199.88
248,3,17,1,429.0,0.1,428.9
248,4,9,1,2999.99,0.2,2999.79
249,1,7,2,3999.99,0.05,7999.93
249,2,18,2,449.0,0.05,897.95
249,3,22,1,269.99,0.1,269.89
250,1,17,2,429.0,0.05,857.95
250,2,11,2,1680.99,0.1,3361.88
251,1,23,2,299.99,0.2,599.78
251,2,22,2,269.99,0.05,539.93
252,1,11,2,1680.99,0.1,3361.88
252,2,4,1,2899.99,0.07,2899.92
252,3,19,1,449.0,0.1,448.9
253,1,11,2,1680.99,0.07,3361.91
254,1,6,2,469.99,0.07,939.91
254,2,3,1,999.99,0.05,999.94
254,3,12,1,549.99,0.05,549.94
255,1,5,2,1320.99,0.1,2641.88
255,2,14,1,269.99,0.2,269.79
255,3,2,2,749.99,0.2,1499.78
255,4,21,1,269.99,0.07,269.92
256,1,11,1,1680.99,0.1,1680.89
256,2,21,1,269.99,0.05,269.94
257,1,8,2,1799.99,0.07,3599.91
257,2,13,2,269.99,0.2,539.78
257,3,10,2,1549.0,0.1,3097.9
257,4,15,1,529.99,0.1,529.89
258,1,8,2,1799.99,0.05,3599.93
258,2,4,1,2899.99,0.07,2899.92
258,3,19,1,449.0,0.07,448.93
258,4,18,1,449.0,0.05,448.95
259,1,26,1,599.99,0.05,599.94
259,2,6,2,469.99,0.1,939.88
259,3,2,2,749.99,0.2,1499.78
259,4,4,1,2899.99,0.1,2899.89
260,1,23,2,299.99,0.2,599.78
260,2,10,1,1549.0,0.2,1548.8
260,3,24,2,549.99,0.2,1099.78
261,1,16,2,599.99,0.05,1199.93
261,2,14,1,269.99,0.1,269.89
261,3,17,2,429.0,0.1,857.9
262,1,2,1,749.99,0.07,749.92
262,2,9,2,2999.99,0.05,5999.93
263,1,9,1,2999.99,0.07,2999.92
263,2,3,1,999.99,0.2,999.79
263,3,2,2,749.99,0.05,1499.93
264,1,10,1,1549.0,0.2,1548.8
264,2,24,2,549.99,0.05,1099.93
264,3,15,2,529.99,0.1,1059.88
264,4,3,2,999.99,0.07,1999.91
265,1,9,2,2999.99,0.2,5999.78
266,1,6,2,469.99,0.07,939.91
266,2,19,1,449.0,0.2,448.8
266,3,25,1,499.99,0.05,499.94
267,1,22,2,269.99,0.2,539.78
267,2,23,2,299.99,0.1,599.88
267,3,24,1,549.99,0.1,549.89
267,4,7,2,3999.99,0.07,7999.91
267,5,21,1,269.99,0.05,269.94
268,1,7,1,3999.99,0.05,3999.94
268,2,6,2,469.99,0.2,939.78
268,3,9,1,2999.99,0.1,2999.89
269,1,5,1,1320.99,0.07,1320.92
269,2,23,2,299.99,0.07,599.91
269,3,18,1,449.0,0.05,448.95
269,4,3,1,999.99,0.05,999.94
270,1,25,2,499.99,0.2,999.78
270,2,15,1,529.99,0.1,529.89
271,1,11,2,1680.99,0.07,3361.91
271,2,6,2,469.99,0.05,939.93
271,3,13,1,269.99,0.1,269.89
271,4,7,2,3999.99,0.1,7999.88
272,1,2,2,749.99,0.07,1499.91
272,2,11,1,1680.99,0.07,1680.92
273,1,21,1,269.99,0.1,269.89
274,1,11,2,1680.99,0.05,3361.93
274,2,25,2,499.99,0.1,999.88
274,3,9,2,2999.99,0.07,5999.91
275,1,18,1,449.0,0.05,448.95
275,2,25,1,499.99,0.1,499.89
275,3,7,2,3999.99,0.05,7999.93
276,1,3,2,999.99,0.2,1999.78
276,2,17,1,429.0,0.05,428.95
276,3,9,2,2999.99,0.07,5999.91
277,1,20,2,599.99,0.2,1199.78
277,2,6,2,469.99,0.2,939.78
277,3,13,2,269.99,0.1,539.88
278,1,16,1,599.99,0.2,599.79
278,2,19,2,449.0,0.07,897.93
278,3,13,1,269.99,0.07,269.92
278,4,11,2,1680.99,0.07,3361.91
279,1,25,1,499.99,0.07,499.92
280,1,25,1,499.99,0.07,499.92
280,2,26,2,599.99,0.07,1199.91
280,3,13,1,269.99,0.07,269.92
281,1,22,1,269.99,0.07,269.92
281,2,14,2,269.99,0.1,539.88
281,3,7,2,3999.99,0.07,7999.91
282,1,20,1,599.99,0.07,599.92
282,2,7,2,3999.99,0.07,7999.91
282,3,3,2,999.99,0.05,1999.93
282,4,16,2,599.99,0.07,1199.91
283,1,9,1,2999.99,0.05,2999.94
283,2,16,2,599.99,0.2,1199.78
284,1,24,2,549.99,0.2,1099.78
284,2,20,1,599.99,0.2,599.79
285,1,16,2,599.99,0.05,1199.93
285,2,12,1,549.99,0.05,549.94
285,3,2,1,749.99,0.1,749.89
286,1,26,2,599.99,0.2,1199.78
286,2,21,2,269.99,0.07,539.91
286,3,16,2,599.99,0.1,1199.88
286,4,7,1,3999.99,0.1,3999.89
287,1,5,1,1320.99,0.2,1320.79
287,2,10,1,1549.0,0.05,1548.95
287,3,2,1,749.99,0.05,749.94
287,4,20,1,599.99,0.05,599.94
288,1,4,1,2899.99,0.2,2899.79
288,2,10,1,1549.0,0.1,1548.9
288,3,7,2,3999.99,0.05,7999.93
289,1,13,1,269.99,0.07,269.92
289,2,24,1,549.99,0.2,549.79
289,3,17,1,429.0,0.2,428.8
290,1,2,2,749.99,0.07,1499.91
290,2,5,2,1320.99,0.07,2641.91
290,3,21,1,269.99,0.1,269.89
291,1,6,2,469.99,0.05,939.93
291,2,21,2,269.99,0.07,539.91
292,1,18,2,449.0,0.1,897.9
292,2,4,1,2899.99,0.07,2899.92
292,3,10,2,1549.0,0.05,3097.95
293,1,19,2,449.0,0.05,897.95
293,2,6,1,469.99,0.2,469.79
294,1,18,1,449.0,0.2,448.8
294,2,14,1,269.99,0.2,269.79
294,3,7,2,3999.99,0.05,7999.93
294,4,25,2,499.99,0.2,999.78
295,1,22,2,269.99,0.07,539.91
296,1,25,2,499.99,0.07,999.91
296,2,12,2,549.99,0.1,1099.88
296,3,11,2,1680.99,0.1,3361.88
296,4,9,1,2999.99,0.2,2999.79
297,1,4,2,2899.99,0.2,5799.78
298,1,23,1,299.99,0.2,299.79
298,2,6,2,469.99,0.05,939.93
298,3,22,1,269.99,0.2,269.79
298,4,9,1,2999.99,0.07,2999.92
298,5,14,2,269.99,0.1,539.88
299,1,11,2,1680.99,0.05,3361.93
299,2,10,2,1549.0,0.2,3097.8
300,1,16,2,599.99,0.1,1199.88
300,2,9,2,2999.99,0.1,5999.88
300,3,10,1,1549.0,0.1,1548.9
300,4,11,2,1680.99,0.2,3361.78
301,1,6,1,469.99,0.05,469.94
301,2,22,1,269.99,0.1,269.89
302,1,24,2,549.99,0.2,1099.78
302,2,18,2,449.0,0.07,897.93
302,3,2,2,749.99,0.2,1499.78
303,1,8,2,1799.99,0.05,3599.93
303,2,24,2,549.99,0.05,1099.93
304,1,10,1,1549.0,0.05,1548.95
304,2,7,2,3999.99,0.1,7999.88
304,3,20,1,599.99,0.1,599.89
305,1,10,1,1549.0,0.07,1548.93
305,2,6,1,469.99,0.1,469.89
305,3,3,2,999.99,0.2,1999.78
306,1,10,1,1549.0,0.2,1548.8
306,2,22,1,269.99,0.07,269.92
307,1,15,2,529.99,0.05,1059.93
308,1,7,1,3999.99,0.1,3999.89
308,2,18,2,449.0,0.2,897.8
308,3,14,1,269.99,0.2,269.79
309,1,3,1,999.99,0.05,999.94
309,2,12,1,549.99,0.05,549.94
310,1,7,2,3999.99,0.07,7999.91
310,2,14,2,269.99,0.1,539.88
310,3,5,2,1320.99,0.2,2641.78
310,4,8,1,1799.99,0.2,1799.79
311,1,17,2,429.0,0.05,857.95
311,2,5,2,1320.99,0.2,2641.78
312,1,24,2,549.99,0.05,1099.93
312,2,14,2,269.99,0.07,539.91
312,3,16,2,599.99,0.05,1199.93
313,1,4,1,2899.99,0.07,2899.92
313,2,10,2,1549.0,0.07,3097.93
314,1,5,1,1320.99,0.07,1320.92
314,2,9,1,2999.99,0.05,2999.94
314,3,22,2,269.99,0.2,539.78
314,4,7,2,3999.99,0.07,7999.91
315,1,11,1,1680.99,0.2,1680.79
315,2,9,1,2999.99,0.1,2999.89
316,1,2,2,749.99,0.2,1499.78
316,2,16,2,599.99,0.1,1199.88
316,3,20,1,599.99,0.1,599.89
316,4,19,1,449.0,0.2,448.8
316,5,17,1,429.0,0.05,428.95
317,1,10,1,1549.0,0.2,1548.8
317,2,22,1,269.99,0.05,269.94
317,3,15,1,529.99,0.05,529.94
317,4,13,2,269.99,0.2,539.78
318,1,13,2,269.99,0.1,539.88
318,2,25,2,499.99,0.2,999.78
318,3,9,1,2999.99,0.05,2999.94
319,1,11,1,1680.99,0.07,1680.92
319,2,21,1,269.99,0.2,269.79
319,3,15,2,529.99,0.1,1059.88
319,4,23,1,299.99,0.05,299.94
320,1,2,1,749.99,0.1,749.89
321,1,4,2,2899.99,0.2,5799.78
321,2,12,2,549.99,0.2,1099.78
321,3,26,1,599.99,0.2,599.79
321,4,23,2,299.99,0.2,599.78
322,1,13,2,269.99,0.2,539.78
322,2,21,1,269.99,0.07,269.92
323,1,13,2,269.99,0.07,539.91
323,2,26,2,599.99,0.1,1199.88
324,1,2,2,749.99,0.1,1499.88
324,2,17,1,429.0,0.2,428.8
324,3,22,2,269.99,0.2,539.78
324,4,19,1,449.0,0.05,448.95
324,5,12,1,549.99,0.05,549.94
325,1,7,1,3999.99,0.05,3999.94
325,2,12,1,549.99,0.2,549.79
325,3,6,2,469.99,0.2,939.78
326,1,12,1,549.99,0.1,549.89
326,2,23,1,299.99,0.07,299.92
327,1,12,2,549.99,0.07,1099.91
327,2,13,1,269.99,0.07,269.92
327,3,4,1,2899.99,0.05,2899.94
328,1,6,2,469.99,0.1,939.88
329,1,14,2,269.99,0.07,539.91
329,2,8,2,1799.99,0.05,3599.93
329,3,23,1,299.99,0.2,299.79
329,4,17,1,429.0,0.07,428.93
329,5,26,2,599.99,0.05,1199.93
330,1,21,2,269.99,0.05,539.93
331,1,17,2,429.0,0.1,857.9
332,1,18,2,449.0,0.05,897.95
333,1,18,2,449.0,0.07,897.93
333,2,8,2,1799.99,0.05,3599.93
333,3,3,1,999.99,0.2,999.79
334,1,16,2,599.99,0.2,1199.78
334,2,9,1,2999.99,0.05,2999.94
334,3,3,2,999.99,0.05,1999.93
335,1,6,1,469.99,0.1,469.89
335,2,2,2,749.99,0.1,1499.88
335,3,21,1,269.99,0.07,269.92
336,1,4,1,2899.99,0.1,2899.89
336,2,12,1,549.99,0.2,549.79
337,1,18,1,449.0,0.05,448.95
337,2,4,1,2899.99,0.05,2899.94
338,1,6,2,469.99,0.07,939.91
338,2,10,1,1549.0,0.07,1548.93
338,3,22,1,269.99,0.1,269.89
338,4,11,2,1680.99,0.07,3361.91
338,5,9,1,2999.99,0.05,2999.94
339,1,13,1,269.99,0.1,269.89
339,2,15,2,529.99,0.05,1059.93
340,1,11,1,1680.99,0.05,1680.94
340,2,24,1,549.99,0.05,549.94
340,3,13,2,269.99,0.1,539.88
340,4,12,2,549.99,0.07,1099.91
340,5,10,2,1549.0,0.1,3097.9
341,1,23,2,299.99,0.05,599.93
342,1,26,1,599.99,0.07,599.92
342,2,9,1,2999.99,0.2,2999.79
342,3,16,2,599.99,0.1,1199.88
343,1,20,2,599.99,0.2,1199.78
343,2,25,1,499.99,0.05,499.94
343,3,5,2,1320.99,0.05,2641.93
343,4,10,1,1549.0,0.1,1548.9
344,1,22,1,269.99,0.05,269.94
344,2,18,2,449.0,0.07,897.93
344,3,14,1,269.99,0.2,269.79
345,1,18,2,449.0,0.1,897.9
345,2,24,2,549.99,0.07,1099.91
346,1,13,1,269.99,0.07,269.92
346,2,23,1,299.99,0.2,299.79
346,3,21,1,269.99,0.1,269.89
346,4,15,1,529.99,0.05,529.94
346,5,18,2,449.0,0.05,897.95
347,1,23,1,299.99,0.07,299.92
348,1,5,2,1320.99,0.05,2641.93
348,2,15,2,529.99,0.07,1059.91
349,1,20,2,599.99,0.2,1199.78
350,1,6,2,469.99,0.05,939.93
350,2,20,1,599.99,0.07,599.92
350,3,3,1,999.99,0.07,999.92
351,1,4,2,2899.99,0.05,5799.93
351,2,24,2,549.99,0.1,1099.88
351,3,20,1,599.99,0.2,599.79
351,4,22,2,269.99,0.07,539.91
352,1,11,1,1680.99,0.2,1680.79
352,2,14,1,269.99,0.2,269.79
353,1,2,2,749.99,0.2,1499.78
354,1,21,1,269.99,0.2,269.79
354,2,19,1,449.0,0.05,448.95
355,1,16,1,599.99,0.1,599.89
355,2,14,2,269.99,0.07,539.91
356,1,23,2,299.99,0.05,599.93
356,2,4,1,2899.99,0.05,2899.94
356,3,13,1,269.99,0.05,269.94
357,1,17,2,429.0,0.05,857.95
357,2,21,2,269.99,0.07,539.91
357,3,24,1,549.99,0.07,549.92
357,4,9,1,2999.99,0.05,2999.94
358,1,21,2,269.99,0.1,539.88
358,2,6,2,469.99,0.07,939.91
358,3,8,2,1799.99,0.05,3599.93
358,4,18,2,449.0,0.1,897.9
359,1,15,2,529.99,0.07,1059.91
359,2,9,2,2999.99,0.07,5999.91
359,3,7,2,3999.99,0.2,7999.78
360,1,26,1,599.99,0.05,599.94
360,2,7,2,3999.99,0.2,7999.78
360,3,13,2,269.99,0.05,539.93
360,4,25,1,499.99,0.1,499.89
361,1,24,2,549.99,0.05,1099.93
361,2,6,2,469.99,0.1,939.88
361,3,11,1,1680.99,0.1,1680.89
362,1,2,1,749.99,0.07,749.92
363,1,21,2,269.99,0.1,539.88
363,2,14,1,269.99,0.07,269.92
363,3,15,1,529.99,0.1,529.89
363,4,20,1,599.99,0.2,599.79
364,1,25,2,499.99,0.05,999.93
365,1,24,2,549.99,0.07,1099.91
366,1,21,1,269.99,0.1,269.89
366,2,4,1,2899.99,0.07,2899.92
366,3,16,2,599.99,0.2,1199.78
367,1,26,2,599.99,0.1,1199.88
367,2,14,1,269.99,0.05,269.94
367,3,10,2,1549.0,0.05,3097.95
368,1,5,1,1320.99,0.2,1320.79
368,2,10,2,1549.0,0.2,3097.8
368,3,21,2,269.99,0.1,539.88
368,4,19,1,449.0,0.05,448.95
369,1,10,2,1549.0,0.07,3097.93
370,1,25,2,499.99,0.05,999.93
370,2,4,2,2899.99,0.1,5799.88
371,1,14,1,269.99,0.2,269.79
371,2,12,1,549.99,0.2,549.79
372,1,11,1,1680.99,0.05,1680.94
372,2,14,2,269.99,0.1,539.88
372,3,5,1,1320.99,0.1,1320.89
373,1,8,2,1799.99,0.05,3599.93
373,2,22,1,269.99,0.1,269.89
373,3,19,2,449.0,0.2,897.8
373,4,12,1,549.99,0.1,549.89
373,5,13,1,269.99,0.1,269.89
374,1,10,1,1549.0,0.1,1548.9
374,2,7,1,3999.99,0.07,3999.92
375,1,21,2,269.99,0.05,539.93
375,2,2,2,749.99,0.05,1499.93
375,3,4,2,2899.99,0.07,5799.91
375,4,12,2,549.99,0.05,1099.93
376,1,2,2,749.99,0.07,1499.91
376,2,23,2,299.99,0.1,599.88
377,1,8,1,1799.99,0.05,1799.94
377,2,14,1,269.99,0.07,269.92
378,1,26,2,599.99,0.05,1199.93
379,1,9,1,2999.99,0.07,2999.92
379,2,16,1,599.99,0.2,599.79
380,1,16,1,599.99,0.05,599.94
380,2,11,2,1680.99,0.05,3361.93
381,1,21,2,269.99,0.07,539.91
382,1,8,1,1799.99,0.1,1799.89
382,2,9,1,2999.99,0.1,2999.89
382,3,13,1,269.99,0.07,269.92
383,1,19,1,449.0,0.07,448.93
383,2,22,2,269.99,0.05,539.93
383,3,13,1,269.99,0.1,269.89
383,4,21,2,269.99,0.05,539.93
383,5,14,1,269.99,0.1,269.89
384,1,20,1,599.99,0.1,599.89
384,2,21,2,269.99,0.2,539.78
384,3,8,1,1799.99,0.05,1799.94
384,4,15,1,529.99,0.1,529.89
384,5,4,1,2899.99,0.2,2899.79
385,1,21,1,269.99,0.07,269.92
385,2,7,2,3999.99,0.2,7999.78
385,3,26,2,599.99,0.05,1199.93
386,1,8,1,1799.99,0.2,1799.79
386,2,3,2,999.99,0.05,1999.93
386,3,16,2,599.99,0.2,1199.78
387,1,18,1,449.0,0.2,448.8
388,1,19,2,449.0,0.2,897.8
388,2,13,2,269.99,0.07,539.91
388,3,2,1,749.99,0.07,749.92
388,4,11,1,1680.99,0.1,1680.89
389,1,2,1,749.99,0.07,749.92
389,2,15,2,529.99,0.07,1059.91
389,3,10,2,1549.0,0.05,3097.95
389,4,5,1,1320.99,0.05,1320.94
389,5,9,1,2999.99,0.2,2999.79
390,1,23,1,299.99,0.05,299.94
390,2,7,2,3999.99,0.07,7999.91
390,3,9,1,2999.99,0.05,2999.94
391,1,8,1,1799.99,0.07,1799.92
391,2,5,2,1320.99,0.2,2641.78
391,3,24,2,549.99,0.07,1099.91
392,1,14,2,269.99,0.1,539.88
392,2,3,2,999.99,0.05,1999.93
393,1,6,2,469.99,0.2,939.78
394,1,23,1,299.99,0.05,299.94
394,2,16,1,599.99,0.2,599.79
394,3,14,2,269.99,0.2,539.78
395,1,14,1,269.99,0.05,269.94
396,1,12,1,549.99,0.1,549.89
396,2,25,2,499.99,0.05,999.93
396,3,5,1,1320.99,0.2,1320.79
397,1,7,1,3999.99,0.05,3999.94
398,1,8,2,1799.99,0.05,3599.93
398,2,18,2,449.0,0.05,897.95
398,3,25,1,499.99,0.2,499.79
398,4,17,1,429.0,0.05,428.95
399,1,25,1,499.99,0.05,499.94
399,2,11,2,1680.99,0.05,3361.93
399,3,14,1,269.99,0.1,269.89
400,1,24,2,549.99,0.07,1099.91
400,2,9,1,2999.99,0.2,2999.79
400,3,3,2,999.99,0.2,1999.78
401,1,23,1,299.99,0.2,299.79
401,2,10,2,1549.0,0.2,3097.8
402,1,6,2,469.99,0.07,939.91
402,2,5,1,1320.99,0.07,1320.92
402,3,26,1,599.99,0.05,599.94
403,1,12,2,549.99,0.1,1099.88
403,2,7,2,3999.99,0.2,7999.78
403,3,22,2,269.99,0.05,539.93
403,4,24,1,549.99,0.2,549.79
404,1,9,1,2999.99,0.07,2999.92
404,2,25,2,499.99,0.05,999.93
404,3,16,2,599.99,0.2,1199.78
405,1,3,2,999.99,0.2,1999.78
405,2,10,2,1549.0,0.1,3097.9
405,3,14,2,269.99,0.07,539.91
406,1,4,1,2899.99,0.2,2899.79
407,1,20,1,599.99,0.2,599.79
407,2,5,1,1320.99,0.05,1320.94
408,1,18,1,449.0,0.2,448.8
408,2,3,1,999.99,0.07,999.92
408,3,2,2,749.99,0.07,1499.91
408,4,17,2,429.0,0.2,857.8
409,1,15,1,529.99,0.07,529.92
409,2,16,2,599.99,0.2,1199.78
409,3,21,1,269.99,0.05,269.94
410,1,25,1,499.99,0.1,499.89
410,2,9,2,2999.99,0.05,5999.93
410,3,24,2,549.99,0.1,1099.88
411,1,2,1,749.99,0.07,749.92
411,2,26,2,599.99,0.05,1199.93
412,1,7,1,3999.99,0.1,3999.89
412,2,24,1,549.99,0.07,549.92
412,3,17,1,429.0,0.1,428.9
413,1,8,2,1799.99,0.05,3599.93
413,2,25,1,499.99,0.1,499.89
413,3,9,1,2999.99,0.07,2999.92
414,1,4,2,2899.99,0.1,5799.88
415,1,3,1,999.99,0.07,999.92
415,2,23,2,299.99,0.2,599.78
415,3,5,1,1320.99,0.2,1320.79
415,4,6,2,469.99,0.05,939.93
416,1,22,1,269.99,0.07,269.92
416,2,14,1,269.99,0.07,269.92
416,3,24,1,549.99,0.1,549.89
417,1,26,2,599.99,0.07,1199.91
417,2,6,2,469.99,0.07,939.91
418,1,12,1,549.99,0.05,549.94
418,2,20,1,599.99,0.05,599.94
419,1,9,1,2999.99,0.05,2999.94
420,1,17,2,429.0,0.2,857.8
420,2,15,2,529.99,0.1,1059.88
420,3,3,2,999.99,0.05,1999.93
421,1,6,2,469.99,0.07,939.91
421,2,3,2,999.99,0.2,1999.78
421,3,20,2,599.99,0.2,1199.78
421,4,4,1,2899.99,0.07,2899.92
421,5,23,2,299.99,0.2,599.78
422,1,20,2,599.99,0.05,1199.93
423,1,8,2,1799.99,0.05,3599.93
423,2,17,1,429.0,0.2,428.8
423,3,23,2,299.99,0.07,599.91
423,4,2,1,749.99,0.2,749.79
424,1,22,1,269.99,0.1,269.89
424,2,6,1,469.99,0.05,469.94
425,1,6,1,469.99,0.1,469.89
425,2,21,2,269.99,0.07,539.91
425,3,19,1,449.0,0.05,448.95
426,1,10,1,1549.0,0.1,1548.9
426,2,23,2,299.99,0.05,599.93
427,1,12,2,549.99,0.07,1099.91
427,2,15,2,529.99,0.1,1059.88
427,3,26,2,599.99,0.07,1199.91
428,1,5,2,1320.99,0.2,2641.78
428,2,14,1,269.99,0.2,269.79
429,1,11,1,1680.99,0.2,1680.79
429,2,4,2,2899.99,0.1,5799.88
429,3,5,2,1320.99,0.05,2641.93
429,4,6,1,469.99,0.07,469.92
429,5,2,1,749.99,0.1,749.89
430,1,22,2,269.99,0.1,539.88
430,2,11,1,1680.99,0.07,1680.92
430,3,4,2,2899.99,0.2,5799.78
430,4,13,2,269.99,0.2,539.78
430,5,8,1,1799.99,0.2,1799.79
431,1,14,2,269.99,0.2,539.78
431,2,6,1,469.99,0.1,469.89
431,3,18,1,449.0,0.2,448.8
431,4,13,2,269.99,0.07,539.91
431,5,19,1,449.0,0.07,448.93
432,1,10,2,1549.0,0.2,3097.8
432,2,7,2,3999.99,0.05,7999.93
433,1,6,1,469.99,0.1,469.89
433,2,10,1,1549.0,0.2,1548.8
433,3,24,1,549.99,0.1,549.89
433,4,4,1,2899.99,0.2,2899.79
434,1,21,1,269.99,0.05,269.94
434,2,20,1,599.99,0.1,599.89
434,3,9,1,2999.99,0.2,2999.79
434,4,11,2,1680.99,0.07,3361.91
434,5,18,2,449.0,0.05,897.95
435,1,22,1,269.99,0.05,269.94
435,2,9,1,2999.99,0.05,2999.94
435,3,18,1,449.0,0.05,448.95
436,1,3,1,999.99,0.05,999.94
436,2,23,1,299.99,0.2,299.79
437,1,3,1,999.99,0.05,999.94
437,2,10,1,1549.0,0.05,1548.95
437,3,8,2,1799.99,0.05,3599.93
438,1,4,1,2899.99,0.07,2899.92
438,2,22,1,269.99,0.1,269.89
438,3,8,2,1799.99,0.05,3599.93
438,4,13,2,269.99,0.05,539.93
439,1,6,2,469.99,0.07,939.91
439,2,7,2,3999.99,0.05,7999.93
440,1,19,2,449.0,0.07,897.93
440,2,4,2,2899.99,0.07,5799.91
441,1,12,1,549.99,0.07,549.92
441,2,15,1,529.99,0.1,529.89
442,1,16,2,599.99,0.07,1199.91
442,2,26,2,599.99,0.2,1199.78
442,3,6,2,469.99,0.2,939.78
443,1,5,1,1320.99,0.05,1320.94
443,2,26,1,599.99,0.2,599.79
444,1,22,1,269.99,0.07,269.92
444,2,15,2,529.99,0.07,1059.91
444,3,20,2,599.99,0.05,1199.93
444,4,16,1,599.99,0.1,599.89
444,5,10,2,1549.0,0.2,3097.8
445,1,7,1,3999.99,0.2,3999.79
445,2,16,1,599.99,0.07,599.92
445,3,23,1,299.99,0.2,299.79
446,1,22,1,269.99,0.2,269.79
446,2,16,2,599.99,0.07,1199.91
447,1,4,2,2899.99,0.05,5799.93
447,2,3,1,999.99,0.1,999.89
447,3,8,1,1799.99,0.07,1799.92
448,1,13,2,269.99,0.05,539.93
448,2,6,2,469.99,0.05,939.93
449,1,17,2,429.0,0.05,857.95
449,2,2,1,749.99,0.05,749.94
449,3,7,2,3999.99,0.07,7999.91
449,4,26,2,599.99,0.2,1199.78
450,1,24,1,549.99,0.05,549.94
450,2,12,1,549.99,0.07,549.92
450,3,5,1,1320.99,0.1,1320.89
451,1,14,2,269.99,0.05,539.93
452,1,11,1,1680.99,0.05,1680.94
452,2,16,1,599.99,0.05,599.94
452,3,7,2,3999.99,0.1,7999.88
452,4,8,1,1799.99,0.1,1799.89
453,1,23,1,299.99,0.05,299.94
453,2,20,2,599.99,0.2,1199.78
453,3,4,1,2899.99,0.2,2899.79
454,1,25,2,499.99,0.07,999.91
454,2,13,2,269.99,0.05,539.93
454,3,24,2,549.99,0.1,1099.88
455,1,9,1,2999.99,0.05,2999.94
456,1,17,2,429.0,0.07,857.93
456,2,23,1,299.99,0.07,299.92
457,1,24,2,549.99,0.07,1099.91
457,2,2,1,749.99,0.05,749.94
457,3,7,2,3999.99,0.1,7999.88
457,4,17,1,429.0,0.2,428.8
458,1,2,1,749.99,0.2,749.79
458,2,21,2,269.99,0.07,539.91
458,3,11,1,1680.99,0.1,1680.89
458,4,24,1,549.99,0.2,549.79
458,5,3,2,999.99,0.2,1999.78
459,1,11,1,1680.99,0.2,1680.79
460,1,19,1,449.0,0.05,448.95
460,2,18,2,449.0,0.07,897.93
460,3,4,1,2899.99,0.2,2899.79
460,4,22,2,269.99,0.1,539.88
461,1,16,1,599.99,0.07,599.92
461,2,4,1,2899.99,0.2,2899.79
461,3,8,2,1799.99,0.05,3599.93
461,4,24,1,549.99,0.1,549.89
461,5,18,2,449.0,0.1,897.9
462,1,12,2,549.99,0.1,1099.88
463,1,13,2,269.99,0.07,539.91
464,1,7,1,3999.99,0.1,3999.89
465,1,6,2,469.99,0.1,939.88
465,2,25,2,499.99,0.1,999.88
466,1,19,2,449.0,0.2,897.8
466,2,6,1,469.99,0.2,469.79
466,3,7,2,3999.99,0.05,7999.93
466,4,15,1,529.99,0.1,529.89
466,5,5,1,1320.99,0.1,1320.89
467,1,19,1,449.0,0.07,448.93
467,2,10,1,1549.0,0.07,1548.93
467,3,22,2,269.99,0.1,539.88
467,4,17,2,429.0,0.07,857.93
467,5,11,1,1680.99,0.1,1680.89
468,1,19,1,449.0,0.1,448.9
468,2,9,2,2999.99,0.05,5999.93
468,3,10,2,1549.0,0.05,3097.95
468,4,25,1,499.99,0.1,499.89
469,1,8,2,1799.99,0.1,3599.88
469,2,4,1,2899.99,0.07,2899.92
469,3,15,2,529.99,0.2,1059.78
470,1,18,1,449.0,0.05,448.95
470,2,13,1,269.99,0.05,269.94
470,3,8,2,1799.99,0.2,3599.78
471,1,14,1,269.99,0.2,269.79
471,2,13,2,269.99,0.05,539.93
472,1,15,1,529.99,0.1,529.89
472,2,21,2,269.99,0.1,539.88
473,1,26,1,599.99,0.07,599.92
474,1,19,2,449.0,0.05,897.95
474,2,11,1,1680.99,0.2,1680.79
475,1,17,2,429.0,0.07,857.93
475,2,26,2,599.99,0.2,1199.78
475,3,25,1,499.99,0.2,499.79
476,1,22,2,269.99,0.07,539.91
476,2,4,2,2899.99,0.2,5799.78
476,3,11,2,1680.99,0.07,3361.91
476,4,20,2,599.99,0.05,1199.93
477,1,6,1,469.99,0.1,469.89
477,2,10,1,1549.0,0.05,1548.95
478,1,21,2,269.99,0.07,539.91
479,1,26,1,599.99,0.07,599.92
479,2,12,1,549.99,0.05,549.94
479,3,21,1,269.99,0.2,269.79
479,4,7,1,3999.99,0.05,3999.94
479,5,10,1,1549.0,0.2,1548.8
480,1,4,1,2899.99,0.05,2899.94
480,2,15,1,529.99,0.05,529.94
480,3,23,2,299.99,0.07,599.91
481,1,13,2,269.99,0.2,539.78
481,2,16,2,599.99,0.07,1199.91
481,3,9,2,2999.99,0.1,5999.88
482,1,13,1,269.99,0.2,269.79
482,2,14,1,269.99,0.1,269.89
483,1,17,1,429.0,0.07,428.93
484,1,8,2,1799.99,0.1,3599.88
484,2,24,1,549.99,0.05,549.94
484,3,9,2,2999.99,0.05,5999.93
484,4,6,1,469.99,0.2,469.79
485,1,13,1,269.99,0.1,269.89
485,2,26,2,599.99,0.05,1199.93
486,1,9,1,2999.99,0.07,2999.92
486,2,23,2,299.99,0.05,599.93
487,1,6,1,469.99,0.2,469.79
488,1,13,2,269.99,0.07,539.91
488,2,23,2,299.99,0.05,599.93
488,3,22,1,269.99,0.05,269.94
489,1,8,2,1799.99,0.1,3599.88
490,1,12,1,549.99,0.1,549.89
490,2,23,1,299.99,0.05,299.94
490,3,14,1,269.99,0.1,269.89
490,4,13,2,269.99,0.07,539.91
491,1,9,2,2999.99,0.2,5999.78
491,2,21,2,269.99,0.05,539.93
491,3,15,2,529.99,0.05,1059.93
492,1,6,1,469.99,0.1,469.89
492,2,22,2,269.99,0.1,539.88
492,3,26,1,599.99,0.05,599.94
493,1,15,1,529.99,0.05,529.94
493,2,18,2,449.0,0.05,897.95
493,3,26,1,599.99,0.05,599.94
494,1,23,1,299.99,0.1,299.89
495,1,22,1,269.99,0.2,269.79
495,2,9,1,2999.99,0.05,2999.94
496,1,23,1,299.99,0.2,299.79
496,2,13,1,269.99,0.1,269.89
496,3,21,2,269.99,0.2,539.78
497,1,25,2,499.99,0.07,999.91
498,1,24,1,549.99,0.07,549.92
498,2,21,1,269.99,0.1,269.89
498,3,10,1,1549.0,0.07,1548.93
499,1,11,1,1680.99,0.2,1680.79
499,2,15,1,529.99,0.07,529.92
499,3,14,2,269.99,0.2,539.78
499,4,20,2,599.99,0.1,1199.88
500,1,12,2,549.99,0.05,1099.93
500,2,14,1,269.99,0.2,269.79
501,1,19,2,449.0,0.05,897.95
501,2,8,1,1799.99,0.07,1799.92
501,3,14,1,269.99,0.1,269.89
501,4,23,2,299.99,0.07,599.91
502,1,13,1,269.99,0.05,269.94
503,1,13,2,269.99,0.07,539.91
503,2,10,1,1549.0,0.05,1548.95
504,1,24,2,549.99,0.1,1099.88
504,2,2,2,749.99,0.05,1499.93
505,1,26,1,599.99,0.2,599.79
506,1,25,1,499.99,0.1,499.89
506,2,7,1,3999.99,0.07,3999.92
507,1,11,2,1680.99,0.05,3361.93
507,2,13,2,269.99,0.07,539.91
507,3,20,2,599.99,0.1,1199.88
508,1,8,1,1799.99,0.05,1799.94
508,2,2,2,749.99,0.05,1499.93
508,3,10,2,1549.0,0.05,3097.95
508,4,25,1,499.99,0.07,499.92
509,1,23,2,299.99,0.2,599.78
509,2,4,2,2899.99,0.05,5799.93
510,1,17,1,429.0,0.1,428.9
511,1,22,2,269.99,0.05,539.93
511,2,13,1,269.99,0.1,269.89
512,1,21,1,269.99,0.07,269.92
513,1,7,1,3999.99,0.07,3999.92
513,2,13,1,269.99,0.2,269.79
513,3,23,1,299.99,0.07,299.92
514,1,18,2,449.0,0.2,897.8
514,2,17,2,429.0,0.07,857.93
515,1,8,1,1799.99,0.07,1799.92
515,2,5,1,1320.99,0.1,1320.89
515,3,25,2,499.99,0.07,999.91
515,4,6,2,469.99,0.2,939.78
516,1,7,1,3999.99,0.05,3999.94
516,2,5,2,1320.99,0.1,2641.88
517,1,21,2,269.99,0.07,539.91
518,1,16,2,599.99,0.2,1199.78
518,2,5,2,1320.99,0.05,2641.93
518,3,25,2,499.99,0.05,999.93
518,4,15,2,529.99,0.2,1059.78
518,5,11,2,1680.99,0.07,3361.91
519,1,6,1,469.99,0.07,469.92
519,2,16,1,599.99,0.1,599.89
519,3,23,2,299.99,0.05,599.93
519,4,18,2,449.0,0.2,897.8
519,5,7,1,3999.99,0.05,3999.94
520,1,26,1,599.99,0.1,599.89
520,2,24,1,549.99,0.2,549.79
520,3,10,1,1549.0,0.07,1548.93
521,1,5,1,1320.99,0.2,1320.79
521,2,14,1,269.99,0.2,269.79
522,1,4,2,2899.99,0.07,5799.91
522,2,22,2,269.99,0.07,539.91
522,3,21,1,269.99,0.05,269.94
523,1,12,1,549.99,0.2,549.79
523,2,20,1,599.99,0.05,599.94
523,3,5,2,1320.99,0.1,2641.88
523,4,16,2,599.99,0.07,1199.91
524,1,11,1,1680.99,0.07,1680.92
524,2,2,1,749.99,0.05,749.94
524,3,9,1,2999.99,0.2,2999.79
524,4,3,2,999.99,0.07,1999.91
524,5,26,1,599.99,0.05,599.94
525,1,9,2,2999.99,0.07,5999.91
525,2,6,2,469.99,0.07,939.91
525,3,10,1,1549.0,0.1,1548.9
526,1,3,2,999.99,0.1,1999.88
526,2,8,1,1799.99,0.1,1799.89
526,3,21,1,269.99,0.05,269.94
526,4,15,1,529.99,0.07,529.92
527,1,18,2,449.0,0.07,897.93
527,2,4,1,2899.99,0.2,2899.79
527,3,19,1,449.0,0.1,448.9
527,4,9,2,2999.99,0.2,5999.78
528,1,21,2,269.99,0.05,539.93
529,1,12,2,549.99,0.07,1099.91
530,1,2,2,749.99,0.05,1499.93
530,2,4,1,2899.99,0.07,2899.92
530,3,6,2,469.99,0.2,939.78
531,1,6,1,469.99,0.2,469.79
531,2,12,2,549.99,0.2,1099.78
531,3,25,1,499.99,0.07,499.92
532,1,17,2,429.0,0.07,857.93
532,2,16,2,599.99,0.2,1199.78
532,3,12,1,549.99,0.1,549.89
533,1,4,1,2899.99,0.2,2899.79
533,2,12,2,549.99,0.1,1099.88
533,3,10,1,1549.0,0.2,1548.8
533,4,25,1,499.99,0.05,499.94
534,1,21,2,269.99,0.05,539.93
534,2,9,2,2999.99,0.05,5999.93
534,3,2,1,749.99,0.07,749.92
534,4,24,2,549.99,0.1,1099.88
535,1,24,1,549.99,0.05,549.94
535,2,15,1,529.99,0.1,529.89
535,3,22,2,269.99,0.1,539.88
536,1,22,1,269.99,0.1,269.89
536,2,2,1,749.99,0.1,749.89
536,3,12,2,549.99,0.05,1099.93
536,4,14,1,269.99,0.07,269.92
537,1,10,1,1549.0,0.05,1548.95
537,2,26,1,599.99,0.05,599.94
537,3,17,2,429.0,0.1,857.9
537,4,25,2,499.99,0.2,999.78
538,1,2,2,749.99,0.2,1499.78
539,1,9,2,2999.99,0.1,5999.88
539,2,23,1,299.99,0.05,299.94
539,3,21,2,269.99,0.07,539.91
540,1,19,1,449.0,0.1,448.9
540,2,26,2,599.99,0.1,1199.88
540,3,23,2,299.99,0.07,599.91
541,1,22,2,269.99,0.05,539.93
542,1,16,2,599.99,0.2,1199.78
542,2,9,1,2999.99,0.1,2999.89
542,3,20,1,599.99,0.1,599.89
542,4,19,2,449.0,0.2,897.8
543,1,25,1,499.99,0.2,499.79
543,2,18,1,449.0,0.2,448.8
543,3,26,2,599.99,0.05,1199.93
544,1,12,1,549.99,0.05,549.94
544,2,17,1,429.0,0.1,428.9
544,3,21,1,269.99,0.05,269.94
545,1,25,2,499.99,0.2,999.78
545,2,6,1,469.99,0.07,469.92
545,3,24,1,549.99,0.2,549.79
545,4,20,2,599.99,0.07,1199.91
546,1,17,2,429.0,0.05,857.95
546,2,8,1,1799.99,0.1,1799.89
546,3,18,2,449.0,0.07,897.93
547,1,11,2,1680.99,0.05,3361.93
547,2,9,1,2999.99,0.2,2999.79
547,3,5,1,1320.99,0.1,1320.89
548,1,8,1,1799.99,0.1,1799.89
548,2,11,2,1680.99,0.07,3361.91
549,1,15,1,529.99,0.07,529.92
549,2,16,1,599.99,0.05,599.94
549,3,3,1,999.99,0.07,999.92
549,4,7,1,3999.99,0.05,3999.94
549,5,13,2,269.99,0.1,539.88
550,1,4,1,2899.99,0.05,2899.94
551,1,16,1,599.99,0.05,599.94
551,2,26,1,599.99,0.07,599.92
551,3,11,2,1680.99,0.2,3361.78
551,4,15,2,529.99,0.2,1059.78
552,1,23,1,299.99,0.2,299.79
552,2,2,1,749.99,0.2,749.79
552,3,24,1,549.99,0.2,549.79
552,4,18,1,449.0,0.1,448.9
552,5,19,2,449.0,0.2,897.8
553,1,24,1,549.99,0.1,549.89
553,2,18,2,449.0,0.07,897.93
553,3,12,1,549.99,0.07,549.92
554,1,3,2,999.99,0.07,1999.91
554,2,22,1,269.99,0.05,269.94
554,3,4,2,2899.99,0.2,5799.78
555,1,8,1,1799.99,0.2,1799.79
555,2,7,1,3999.99,0.1,3999.89
555,3,20,2,599.99,0.07,1199.91
556,1,16,1,599.99,0.1,599.89
556,2,4,2,2899.99,0.2,5799.78
557,1,9,2,2999.99,0.1,5999.88
557,2,10,1,1549.0,0.1,1548.9
558,1,7,1,3999.99,0.07,3999.92
558,2,16,1,599.99,0.07,599.92
558,3,9,1,2999.99,0.1,2999.89
558,4,21,2,269.99,0.05,539.93
558,5,10,2,1549.0,0.07,3097.93
559,1,15,2,529.99,0.1,1059.88
559,2,6,1,469.99,0.1,469.89
559,3,7,2,3999.99,0.07,7999.91
560,1,16,1,599.99,0.05,599.94
560,2,26,2,599.99,0.1,1199.88
561,1,15,2,529.99,0.05,1059.93
561,2,18,1,449.0,0.05,448.95
561,3,5,1,1320.99,0.05,1320.94
561,4,17,2,429.0,0.07,857.93
562,1,25,2,499.99,0.07,999.91
562,2,26,1,599.99,0.05,599.94
563,1,6,2,469.99,0.1,939.88
563,2,19,1,449.0,0.05,448.95
563,3,13,2,269.99,0.1,539.88
564,1,4,1,2899.99,0.2,2899.79
564,2,15,1,529.99,0.2,529.79
565,1,18,1,449.0,0.2,448.8
565,2,25,2,499.99,0.1,999.88
565,3,9,1,2999.99,0.05,2999.94
565,4,17,1,429.0,0.1,428.9
566,1,24,2,549.99,0.07,1099.91
566,2,7,2,3999.99,0.2,7999.78
566,3,8,1,1799.99,0.1,1799.89
566,4,21,2,269.99,0.2,539.78
567,1,9,1,2999.99,0.2,2999.79
567,2,5,1,1320.99,0.07,1320.92
568,1,5,1,1320.99,0.05,1320.94
568,2,10,1,1549.0,0.05,1548.95
569,1,16,1,599.99,0.05,599.94
569,2,24,2,549.99,0.1,1099.88
570,1,18,1,449.0,0.07,448.93
570,2,24,2,549.99,0.1,1099.88
570,3,3,2,999.99,0.2,1999.78
570,4,11,1,1680.99,0.1,1680.89
570,5,16,1,599.99,0.05,599.94
571,1,4,1,2899.99,0.05,2899.94
571,2,9,1,2999.99,0.1,2999.89
572,1,3,1,999.99,0.05,999.94
572,2,13,2,269.99,0.1,539.88
572,3,11,2,1680.99,0.2,3361.78
573,1,2,1,749.99,0.2,749.79
574,1,26,1,599.99,0.05,599.94
574,2,13,2,269.99,0.1,539.88
574,3,12,2,549.99,0.1,1099.88
574,4,23,2,299.99,0.1,599.88
574,5,11,2,1680.99,0.05,3361.93
575,1,4,2,2899.99,0.07,5799.91
575,2,12,1,549.99,0.2,549.79
576,1,9,1,2999.99,0.1,2999.89
577,1,3,2,999.99,0.2,1999.78
578,1,21,1,269.99,0.07,269.92
578,2,25,2,499.99,0.2,999.78
578,3,18,2,449.0,0.05,897.95
578,4,8,2,1799.99,0.2,3599.78
579,1,7,2,3999.99,0.05,7999.93
579,2,6,1,469.99,0.2,469.79
580,1,16,2,599.99,0.2,1199.78
580,2,15,1,529.99,0.07,529.92
580,3,21,2,269.99,0.2,539.78
580,4,9,2,2999.99,0.07,5999.91
580,5,19,1,449.0,0.2,448.8
581,1,8,2,1799.99,0.07,3599.91
582,1,10,2,1549.0,0.2,3097.8
582,2,17,2,429.0,0.07,857.93
583,1,15,2,529.99,0.2,1059.78
584,1,19,1,449.0,0.07,448.93
584,2,23,1,299.99,0.07,299.92
584,3,15,1,529.99,0.1,529.89
584,4,22,1,269.99,0.05,269.94
584,5,8,2,1799.99,0.07,3599.91
585,1,10,1,1549.0,0.2,1548.8
585,2,18,2,449.0,0.2,897.8
585,3,15,1,529.99,0.05,529.94
585,4,12,2,549.99,0.07,1099.91
586,1,11,2,1680.99,0.1,3361.88
586,2,23,2,299.99,0.2,599.78
587,1,24,1,549.99,0.05,549.94
587,2,23,1,299.99,0.05,299.94
587,3,18,1,449.0,0.05,448.95
587,4,21,1,269.99,0.2,269.79
588,1,10,2,1549.0,0.07,3097.93
588,2,23,1,299.99,0.2,299.79
589,1,15,2,529.99,0.05,1059.93
590,1,2,2,749.99,0.1,1499.88
590,2,20,1,599.99,0.07,599.92
590,3,8,2,1799.99,0.05,3599.93
590,4,5,2,1320.99,0.1,2641.88
590,5,24,1,549.99,0.1,549.89
591,1,16,2,599.99,0.05,1199.93
591,2,25,2,499.99,0.05,999.93
591,3,2,2,749.99,0.1,1499.88
592,1,21,2,269.99,0.1,539.88
592,2,16,1,599.99,0.05,599.94
592,3,18,2,449.0,0.07,897.93
593,1,3,2,999.99,0.1,1999.88
593,2,25,1,499.99,0.07,499.92
594,1,26,1,599.99,0.1,599.89
594,2,21,2,269.99,0.05,539.93
595,1,4,1,2899.99,0.07,2899.92
595,2,19,2,449.0,0.07,897.93
595,3,3,1,999.99,0.07,999.92
595,4,10,1,1549.0,0.07,1548.93
595,5,26,2,599.99,0.05,1199.93
596,1,5,1,1320.99,0.05,1320.94
596,2,23,2,299.99,0.1,599.88
596,3,9,1,2999.99,0.05,2999.94
597,1,17,2,429.0,0.2,857.8
597,2,8,1,1799.99,0.07,1799.92
598,1,4,2,2899.99,0.05,5799.93
598,2,16,2,599.99,0.07,1199.91
598,3,14,1,269.99,0.1,269.89
599,1,9,2,2999.99,0.05,5999.93
599,2,22,2,269.99,0.2,539.78
599,3,23,1,299.99,0.07,299.92
599,4,10,2,1549.0,0.1,3097.9
600,1,26,2,599.99,0.07,1199.91
600,2,4,1,2899.99,0.2,2899.79
600,3,18,2,449.0,0.07,897.93
601,1,12,2,549.99,0.2,1099.78
602,1,15,2,529.99,0.05,1059.93
602,2,5,2,1320.99,0.07,2641.91
603,1,12,1,549.99,0.07,549.92
603,2,4,1,2899.99,0.1,2899.89
604,1,10,2,1549.0,0.07,3097.93
604,2,9,2,2999.99,0.2,5999.78
605,1,19,1,449.0,0.07,448.93
605,2,25,2,499.99,0.05,999.93
605,3,13,2,269.99,0.2,539.78
605,4,11,1,1680.99,0.2,1680.79
606,1,6,2,469.99,0.2,939.78
606,2,18,2,449.0,0.05,897.95
607,1,11,2,1680.99,0.2,3361.78
607,2,26,2,599.99,0.2,1199.78
607,3,14,1,269.99,0.07,269.92
608,1,4,2,2899.99,0.2,5799.78
608,2,7,2,3999.99,0.1,7999.88
608,3,24,1,549.99,0.1,549.89
609,1,10,1,1549.0,0.07,1548.93
609,2,7,1,3999.99,0.1,3999.89
609,3,22,2,269.99,0.1,539.88
609,4,5,1,1320.99,0.1,1320.89
610,1,26,1,599.99,0.1,599.89
610,2,24,1,549.99,0.07,549.92
610,3,18,2,449.0,0.07,897.93
610,4,3,1,999.99,0.07,999.92
610,5,8,1,1799.99,0.1,1799.89
611,1,16,2,599.99,0.07,1199.91
612,1,13,1,269.99,0.1,269.89
612,2,14,1,269.99,0.1,269.89
612,3,17,1,429.0,0.07,428.93
612,4,20,1,599.99,0.2,599.79
613,1,9,2,2999.99,0.1,5999.88
613,2,18,2,449.0,0.05,897.95
613,3,12,1,549.99,0.07,549.92
614,1,18,1,449.0,0.1,448.9
614,2,21,1,269.99,0.05,269.94
615,1,11,1,1680.99,0.07,1680.92
615,2,23,1,299.99,0.05,299.94
615,3,6,2,469.99,0.1,939.88
615,4,19,2,449.0,0.1,897.9
616,1,24,1,549.99,0.2,549.79
616,2,16,2,599.99,0.2,1199.78
617,1,15,2,529.99,0.2,1059.78
617,2,11,2,1680.99,0.07,3361.91
618,1,17,2,429.0,0.1,857.9
618,2,11,1,1680.99,0.07,1680.92
619,1,25,1,499.99,0.07,499.92
620,1,5,2,1320.99,0.2,2641.78
621,1,17,2,429.0,0.07,857.93
622,1,9,2,2999.99,0.07,5999.91
622,2,18,1,449.0,0.1,448.9
622,3,10,1,1549.0,0.2,1548.8
622,4,25,1,499.99,0.07,499.92
623,1,8,1,1799.99,0.07,1799.92
624,1,21,2,269.99,0.05,539.93
624,2,16,1,599.99,0.07,599.92
624,3,22,1,269.99,0.07,269.92
624,4,14,2,269.99,0.2,539.78
625,1,17,1,429.0,0.07,428.93
625,2,11,2,1680.99,0.2,3361.78
625,3,26,1,599.99,0.07,599.92
625,4,23,2,299.99,0.1,599.88
626,1,15,1,529.99,0.2,529.79
627,1,19,1,449.0,0.07,448.93
627,2,9,2,2999.99,0.2,5999.78
627,3,26,1,599.99,0.07,599.92
628,1,15,2,529.99,0.1,1059.88
629,1,19,1,449.0,0.05,448.95
629,2,5,2,1320.99,0.05,2641.93
629,3,23,2,299.99,0.1,599.88
629,4,14,2,269.99,0.05,539.93
629,5,6,2,469.99,0.1,939.88
630,1,5,1,1320.99,0.05,1320.94
630,2,25,1,499.99,0.1,499.89
630,3,18,2,449.0,0.1,897.9
630,4,21,2,269.99,0.07,539.91
631,1,24,2,549.99,0.07,1099.91
631,2,15,2,529.99,0.07,1059.91
632,1,25,1,499.99,0.2,499.79
632,2,11,2,1680.99,0.1,3361.88
632,3,15,1,529.99,0.07,529.92
632,4,6,1,469.99,0.05,469.94
632,5,22,2,269.99,0.1,539.88
633,1,12,2,549.99,0.05,1099.93
633,2,13,2,269.99,0.2,539.78
633,3,5,2,1320.99,0.2,2641.78
633,4,10,2,1549.0,0.2,3097.8
634,1,4,2,2899.99,0.05,5799.93
634,2,12,1,549.99,0.1,549.89
635,1,4,1,2899.99,0.05,2899.94
636,1,85,2,329.99,0.2,659.78
637,1,9,1,2999.99,0.1,2999.89
637,2,106,2,449.99,0.1,899.88
638,1,103,1,551.99,0.05,551.94
638,2,56,1,5499.99,0.2,5499.79
638,3,53,2,749.99,0.05,1499.93
639,1,15,1,529.99,0.07,529.92
639,2,73,1,749.99,0.05,749.94
639,3,72,1,619.99,0.05,619.94
639,4,61,2,4999.99,0.1,9999.88
640,1,106,2,449.99,0.05,899.93
640,2,32,1,469.99,0.07,469.92
640,3,30,1,999.99,0.07,999.92
640,4,76,2,299.99,0.07,599.91
640,5,109,2,416.99,0.2,833.78
641,1,15,1,529.99,0.05,529.94
641,2,62,1,3499.99,0.2,3499.79
641,3,64,1,489.99,0.2,489.79
642,1,68,2,449.99,0.07,899.91
643,1,53,1,749.99,0.05,749.94
644,1,9,1,2999.99,0.07,2999.92
645,1,99,1,299.99,0.07,299.92
645,2,42,2,2299.99,0.05,4599.93
645,3,6,1,469.99,0.05,469.94
645,4,47,2,5299.99,0.07,10599.91
645,5,21,2,269.99,0.07,539.91
646,1,15,2,529.99,0.2,1059.78
646,2,4,1,2899.99,0.07,2899.92
646,3,95,1,299.99,0.05,299.94
646,4,12,1,549.99,0.2,549.79
647,1,25,2,499.99,0.07,999.91
647,2,13,1,269.99,0.1,269.89
648,1,24,1,549.99,0.07,549.92
649,1,97,2,349.99,0.1,699.88
649,2,90,1,209.99,0.07,209.92
649,3,11,2,1680.99,0.1,3361.88
649,4,78,1,647.99,0.05,647.94
650,1,3,1,999.99,0.2,999.79
651,1,79,1,402.99,0.1,402.89
651,2,85,1,329.99,0.05,329.94
651,3,102,2,489.99,0.05,979.93
651,4,94,2,249.99,0.05,499.93
652,1,102,1,489.99,0.1,489.89
652,2,62,2,3499.99,0.2,6999.78
652,3,67,2,250.99,0.2,501.78
652,4,23,1,299.99,0.1,299.89
652,5,74,1,439.99,0.05,439.94
653,1,6,1,469.99,0.07,469.92
653,2,43,1,5299.99,0.1,5299.89
653,3,2,2,749.99,0.1,1499.88
653,4,80,1,761.99,0.2,761.79
653,5,88,2,189.99,0.07,379.91
654,1,9,1,2999.99,0.1,2999.89
654,2,95,1,299.99,0.1,299.89
654,3,110,2,470.99,0.07,941.91
654,4,97,2,349.99,0.07,699.91
655,1,67,1,250.99,0.1,250.89
656,1,83,1,149.99,0.1,149.89
656,2,22,1,269.99,0.07,269.92
656,3,33,2,469.99,0.05,939.93
657,1,52,1,875.99,0.05,875.94
657,2,54,2,3199.99,0.05,6399.93
658,1,49,2,3499.99,0.2,6999.78
658,2,29,1,999.99,0.05,999.94
658,3,9,1,2999.99,0.05,2999.94
659,1,42,2,2299.99,0.05,4599.93
659,2,39,2,1499.99,0.07,2999.91
659,3,70,1,659.99,0.05,659.94
659,4,61,2,4999.99,0.07,9999.91
660,1,30,1,999.99,0.2,999.79
660,2,59,2,2599.99,0.07,5199.91
660,3,47,2,5299.99,0.05,10599.93
660,4,29,2,999.99,0.2,1999.78
661,1,63,2,3499.99,0.07,6999.91
661,2,22,2,269.99,0.05,539.93
662,1,55,2,2699.99,0.1,5399.88
662,2,95,2,299.99,0.2,599.78
662,3,102,2,489.99,0.07,979.91
662,4,22,1,269.99,0.07,269.92
662,5,106,2,449.99,0.07,899.91
663,1,41,2,1469.99,0.05,2939.93
663,2,17,2,429.0,0.2,857.8
663,3,94,1,249.99,0.05,249.94
663,4,71,1,416.99,0.07,416.92
663,5,106,1,449.99,0.2,449.79
664,1,52,2,875.99,0.07,1751.91
664,2,5,1,1320.99,0.07,1320.92
664,3,50,1,5999.99,0.2,5999.79
664,4,101,2,339.99,0.2,679.78
664,5,47,1,5299.99,0.07,5299.92
665,1,58,1,4999.99,0.07,4999.92
665,2,42,2,2299.99,0.2,4599.78
665,3,25,2,499.99,0.05,999.93
666,1,98,2,489.99,0.2,979.78
666,2,39,1,1499.99,0.05,1499.94
667,1,79,1,402.99,0.2,402.79
667,2,84,1,109.99,0.1,109.89
667,3,3,1,999.99,0.2,999.79
667,4,99,1,299.99,0.1,299.89
667,5,85,1,329.99,0.05,329.94
668,1,48,2,1499.99,0.05,2999.93
668,2,19,2,449.0,0.1,897.9
669,1,16,2,599.99,0.07,1199.91
669,2,72,1,619.99,0.07,619.92
670,1,108,1,449.99,0.1,449.89
670,2,28,1,2499.99,0.07,2499.92
670,3,104,2,481.99,0.2,963.78
670,4,45,2,869.99,0.05,1739.93
671,1,30,1,999.99,0.05,999.94
671,2,69,1,416.99,0.05,416.94
671,3,55,1,2699.99,0.2,2699.79
671,4,4,1,2899.99,0.07,2899.92
671,5,109,2,416.99,0.07,833.91
672,1,51,2,6499.99,0.07,12999.91
672,2,96,2,349.99,0.2,699.78
672,3,48,2,1499.99,0.07,2999.91
673,1,66,1,250.99,0.2,250.79
673,2,38,1,549.99,0.2,549.79
673,3,5,1,1320.99,0.07,1320.92
673,4,13,1,269.99,0.1,269.89
674,1,26,2,599.99,0.2,1199.78
675,1,17,1,429.0,0.05,428.95
675,2,89,2,209.99,0.05,419.93
675,3,19,1,449.0,0.07,448.93
675,4,32,1,469.99,0.2,469.79
676,1,70,1,659.99,0.2,659.79
676,2,104,2,481.99,0.07,963.91
676,3,24,1,549.99,0.1,549.89
676,4,29,1,999.99,0.2,999.79
677,1,75,1,599.99,0.07,599.92
677,2,7,2,3999.99,0.07,7999.91
677,3,105,2,533.99,0.07,1067.91
677,4,91,2,349.99,0.05,699.93
677,5,54,2,3199.99,0.1,6399.88
678,1,52,2,875.99,0.05,1751.93
678,2,37,2,379.99,0.07,759.91
679,1,15,2,529.99,0.2,1059.78
679,2,83,2,149.99,0.05,299.93
680,1,81,2,1099.99,0.05,2199.93
680,2,7,1,3999.99,0.2,3999.79
680,3,50,1,5999.99,0.07,5999.92
681,1,82,1,659.99,0.05,659.94
681,2,63,1,3499.99,0.07,3499.92
681,3,61,1,4999.99,0.2,4999.79
681,4,6,2,469.99,0.05,939.93
681,5,30,1,999.99,0.07,999.92
682,1,39,1,1499.99,0.2,1499.79
682,2,60,2,1559.99,0.2,3119.78
682,3,99,1,299.99,0.2,299.79
683,1,2,2,749.99,0.1,1499.88
684,1,56,1,5499.99,0.07,5499.92
684,2,33,1,469.99,0.1,469.89
685,1,59,1,2599.99,0.05,2599.94
685,2,48,2,1499.99,0.05,2999.93
685,3,107,1,416.99,0.05,416.94
685,4,98,2,489.99,0.2,979.78
685,5,56,2,5499.99,0.05,10999.93
686,1,16,1,599.99,0.2,599.79
686,2,30,1,999.99,0.1,999.89
686,3,88,2,189.99,0.2,379.78
686,4,19,2,449.0,0.2,897.8
686,5,104,1,481.99,0.2,481.79
687,1,48,2,1499.99,0.05,2999.93
687,2,95,1,299.99,0.07,299.92
687,3,5,2,1320.99,0.2,2641.78
687,4,83,1,149.99,0.07,149.92
688,1,8,1,1799.99,0.1,1799.89
688,2,88,1,189.99,0.05,189.94
689,1,33,2,469.99,0.1,939.88
690,1,84,1,109.99,0.2,109.79
690,2,11,2,1680.99,0.07,3361.91
690,3,85,1,329.99,0.05,329.94
690,4,109,2,416.99,0.2,833.78
691,1,23,2,299.99,0.05,599.93
691,2,5,2,1320.99,0.1,2641.88
691,3,55,2,2699.99,0.2,5399.78
691,4,20,1,599.99,0.2,599.79
692,1,59,1,2599.99,0.2,2599.79
692,2,75,1,599.99,0.07,599.92
692,3,15,2,529.99,0.07,1059.91
692,4,56,2,5499.99,0.1,10999.88
693,1,104,2,481.99,0.2,963.78
693,2,13,1,269.99,0.2,269.79
693,3,5,2,1320.99,0.05,2641.93
693,4,31,1,1632.99,0.07,1632.92
694,1,48,1,1499.99,0.2,1499.79
694,2,39,1,1499.99,0.05,1499.94
694,3,55,2,2699.99,0.1,5399.88
694,4,103,2,551.99,0.2,1103.78
694,5,45,2,869.99,0.1,1739.88
695,1,82,2,659.99,0.1,1319.88
695,2,57,2,1999.99,0.2,3999.78
696,1,88,2,189.99,0.07,379.91
696,2,7,1,3999.99,0.1,3999.89
696,3,45,1,869.99,0.07,869.92
697,1,5,2,1320.99,0.05,2641.93
698,1,96,1,349.99,0.07,349.92
698,2,12,1,549.99,0.07,549.92
698,3,40,2,4999.99,0.05,9999.93
699,1,106,2,449.99,0.1,899.88
699,2,48,1,1499.99,0.07,1499.92
699,3,31,1,1632.99,0.2,1632.79
699,4,24,2,549.99,0.1,1099.88
699,5,82,2,659.99,0.2,1319.78
700,1,7,2,3999.99,0.05,7999.93
700,2,63,1,3499.99,0.2,3499.79
701,1,84,1,109.99,0.05,109.94
702,1,25,2,499.99,0.05,999.93
702,2,104,1,481.99,0.1,481.89
702,3,3,2,999.99,0.07,1999.91
703,1,45,2,869.99,0.2,1739.78
703,2,66,2,250.99,0.05,501.93
703,3,72,1,619.99,0.2,619.79
703,4,4,2,2899.99,0.2,5799.78
704,1,10,2,1549.0,0.05,3097.95
704,2,62,1,3499.99,0.2,3499.79
704,3,100,2,489.99,0.07,979.91
705,1,61,1,4999.99,0.1,4999.89
706,1,27,1,999.99,0.1,999.89
706,2,23,2,299.99,0.05,599.93
706,3,60,1,1559.99,0.2,1559.79
707,1,106,2,449.99,0.05,899.93
707,2,100,1,489.99,0.07,489.92
707,3,11,2,1680.99,0.1,3361.88
707,4,26,2,599.99,0.1,1199.88
708,1,6,1,469.99,0.07,469.92
708,2,47,1,5299.99,0.1,5299.89
708,3,34,2,469.99,0.2,939.78
709,1,55,2,2699.99,0.05,5399.93
709,2,101,2,339.99,0.07,679.91
709,3,48,1,1499.99,0.07,1499.92
710,1,42,1,2299.99,0.05,2299.94
710,2,60,2,1559.99,0.2,3119.78
710,3,39,2,1499.99,0.2,2999.78
710,4,57,1,1999.99,0.2,1999.79
710,5,28,1,2499.99,0.05,2499.94
711,1,5,2,1320.99,0.05,2641.93
711,2,95,2,299.99,0.2,599.78
711,3,72,2,619.99,0.05,1239.93
712,1,44,2,539.99,0.2,1079.78
712,2,74,2,439.99,0.1,879.88
712,3,35,1,832.99,0.2,832.79
712,4,76,1,299.99,0.2,299.79
712,5,4,2,2899.99,0.05,5799.93
713,1,93,2,209.99,0.2,419.78
713,2,97,2,349.99,0.1,699.88
713,3,53,1,749.99,0.07,749.92
713,4,108,2,449.99,0.07,899.91
714,1,92,2,209.99,0.2,419.78
715,1,61,2,4999.99,0.1,9999.88
715,2,50,1,5999.99,0.2,5999.79
716,1,111,2,470.99,0.1,941.88
716,2,93,2,209.99,0.07,419.91
716,3,79,1,402.99,0.1,402.89
716,4,4,2,2899.99,0.05,5799.93
717,1,56,2,5499.99,0.05,10999.93
717,2,93,1,209.99,0.2,209.79
718,1,92,2,209.99,0.07,419.91
718,2,40,2,4999.99,0.07,9999.91
718,3,64,2,489.99,0.1,979.88
719,1,100,1,489.99,0.2,489.79
720,1,111,1,470.99,0.07,470.92
720,2,6,1,469.99,0.1,469.89
721,1,45,2,869.99,0.07,1739.91
721,2,102,1,489.99,0.1,489.89
721,3,73,2,749.99,0.05,1499.93
721,4,33,1,469.99,0.2,469.79
722,1,22,2,269.99,0.07,539.91
722,2,3,1,999.99,0.05,999.94
722,3,104,2,481.99,0.1,963.88
723,1,24,2,549.99,0.07,1099.91
723,2,16,1,599.99,0.05,599.94
723,3,108,1,449.99,0.07,449.92
724,1,23,1,299.99,0.05,299.94
724,2,75,1,599.99,0.2,599.79
724,3,102,1,489.99,0.05,489.94
724,4,55,1,2699.99,0.2,2699.79
725,1,90,1,209.99,0.1,209.89
725,2,91,1,349.99,0.05,349.94
725,3,77,2,799.99,0.07,1599.91
725,4,62,2,3499.99,0.1,6999.88
726,1,64,1,489.99,0.2,489.79
727,1,78,1,647.99,0.07,647.92
727,2,82,2,659.99,0.05,1319.93
728,1,70,1,659.99,0.05,659.94
728,2,56,1,5499.99,0.1,5499.89
728,3,91,1,349.99,0.1,349.89
728,4,58,1,4999.99,0.07,4999.92
729,1,101,2,339.99,0.1,679.88
730,1,59,2,2599.99,0.05,5199.93
730,2,79,1,402.99,0.1,402.89
730,3,96,2,349.99,0.07,699.91
730,4,13,1,269.99,0.1,269.89
731,1,91,1,349.99,0.05,349.94
731,2,49,1,3499.99,0.2,3499.79
731,3,67,2,250.99,0.2,501.78
731,4,29,1,999.99,0.2,999.79
732,1,47,1,5299.99,0.07,5299.92
732,2,4,2,2899.99,0.07,5799.91
733,1,84,1,109.99,0.05,109.94
733,2,55,1,2699.99,0.2,2699.79
733,3,102,2,489.99,0.1,979.88
734,1,26,1,599.99,0.2,599.79
734,2,3,1,999.99,0.05,999.94
734,3,84,2,109.99,0.2,219.78
734,4,65,2,346.99,0.1,693.88
735,1,71,2,416.99,0.1,833.88
735,2,10,2,1549.0,0.07,3097.93
736,1,56,2,5499.99,0.05,10999.93
736,2,17,1,429.0,0.1,428.9
736,3,62,2,3499.99,0.2,6999.78
737,1,52,1,875.99,0.05,875.94
737,2,19,2,449.0,0.07,897.93
737,3,77,2,799.99,0.07,1599.91
737,4,34,1,469.99,0.2,469.79
738,1,82,2,659.99,0.07,1319.91
738,2,38,2,549.99,0.2,1099.78
738,3,25,1,499.99,0.1,499.89
738,4,63,1,3499.99,0.07,3499.92
739,1,3,1,999.99,0.2,999.79
740,1,81,1,1099.99,0.05,1099.94
740,2,94,2,249.99,0.2,499.78
740,3,11,1,1680.99,0.2,1680.79
740,4,19,1,449.0,0.2,448.8
740,5,12,2,549.99,0.07,1099.91
741,1,58,1,4999.99,0.05,4999.94
741,2,76,1,299.99,0.07,299.92
741,3,21,2,269.99,0.07,539.91
741,4,56,2,5499.99,0.05,10999.93
742,1,107,2,416.99,0.05,833.93
742,2,45,1,869.99,0.07,869.92
743,1,80,1,761.99,0.05,761.94
744,1,33,2,469.99,0.2,939.78
745,1,95,2,299.99,0.05,599.93
745,2,22,2,269.99,0.2,539.78
745,3,78,1,647.99,0.1,647.89
746,1,99,1,299.99,0.1,299.89
747,1,110,1,470.99,0.07,470.92
747,2,86,1,149.99,0.2,149.79
747,3,33,2,469.99,0.1,939.88
747,4,81,1,1099.99,0.07,1099.92
748,1,16,2,599.99,0.1,1199.88
748,2,83,2,149.99,0.05,299.93
748,3,41,1,1469.99,0.07,1469.92
748,4,35,2,832.99,0.2,1665.78
749,1,9,1,2999.99,0.2,2999.79
749,2,28,1,2499.99,0.05,2499.94
749,3,79,1,402.99,0.2,402.79
749,4,24,1,549.99,0.05,549.94
749,5,40,1,4999.99,0.07,4999.92
750,1,72,1,619.99,0.05,619.94
750,2,78,2,647.99,0.1,1295.88
751,1,45,2,869.99,0.05,1739.93
752,1,12,2,549.99,0.05,1099.93
752,2,31,2,1632.99,0.05,3265.93
753,1,105,2,533.99,0.07,1067.91
753,2,7,2,3999.99,0.2,7999.78
753,3,36,2,832.99,0.1,1665.88
753,4,95,1,299.99,0.07,299.92
753,5,66,1,250.99,0.2,250.79
754,1,74,2,439.99,0.07,879.91
754,2,12,2,549.99,0.07,1099.91
754,3,3,1,999.99,0.05,999.94
754,4,67,2,250.99,0.05,501.93
754,5,7,1,3999.99,0.2,3999.79
755,1,80,2,761.99,0.07,1523.91
755,2,43,2,5299.99,0.05,10599.93
755,3,57,2,1999.99,0.1,3999.88
756,1,64,1,489.99,0.1,489.89
756,2,17,2,429.0,0.05,857.95
757,1,95,1,299.99,0.1,299.89
758,1,22,2,269.99,0.07,539.91
758,2,99,1,299.99,0.1,299.89
758,3,27,1,999.99,0.07,999.92
758,4,65,2,346.99,0.07,693.91
758,5,109,1,416.99,0.2,416.79
759,1,93,2,209.99,0.05,419.93
759,2,78,1,647.99,0.07,647.92
760,1,21,2,269.99,0.07,539.91
760,2,29,2,999.99,0.07,1999.91
761,1,43,1,5299.99,0.07,5299.92
761,2,52,2,875.99,0.2,1751.78
762,1,102,2,489.99,0.05,979.93
763,1,90,1,209.99,0.07,209.92
763,2,103,1,551.99,0.1,551.89
764,1,55,1,2699.99,0.07,2699.92
764,2,95,2,299.99,0.05,599.93
764,3,81,2,1099.99,0.07,2199.91
765,1,28,2,2499.99,0.2,4999.78
765,2,12,1,549.99,0.07,549.92
765,3,25,1,499.99,0.2,499.79
765,4,53,1,749.99,0.2,749.79
765,5,65,1,346.99,0.05,346.94
766,1,111,1,470.99,0.2,470.79
767,1,63,1,3499.99,0.1,3499.89
767,2,29,1,999.99,0.07,999.92
767,3,41,2,1469.99,0.05,2939.93
767,4,77,2,799.99,0.05,1599.93
768,1,31,1,1632.99,0.2,1632.79
768,2,76,1,299.99,0.2,299.79
769,1,8,1,1799.99,0.1,1799.89
769,2,6,2,469.99,0.05,939.93
769,3,36,2,832.99,0.07,1665.91
770,1,110,1,470.99,0.05,470.94
770,2,42,1,2299.99,0.2,2299.79
770,3,103,1,551.99,0.2,551.79
770,4,11,2,1680.99,0.05,3361.93
771,1,13,2,269.99,0.2,539.78
771,2,88,1,189.99,0.2,189.79
772,1,103,1,551.99,0.07,551.92
773,1,92,1,209.99,0.1,209.89
773,2,14,1,269.99,0.05,269.94
773,3,17,2,429.0,0.2,857.8
773,4,33,2,469.99,0.07,939.91
774,1,65,1,346.99,0.05,346.94
774,2,36,2,832.99,0.05,1665.93
774,3,20,1,599.99,0.2,599.79
774,4,73,1,749.99,0.05,749.94
774,5,58,2,4999.99,0.1,9999.88
775,1,39,1,1499.99,0.07,1499.92
776,1,28,1,2499.99,0.2,2499.79
776,2,42,2,2299.99,0.2,4599.78
776,3,71,1,416.99,0.1,416.89
776,4,35,1,832.99,0.1,832.89
777,1,5,1,1320.99,0.2,1320.79
777,2,7,2,3999.99,0.2,7999.78
777,3,2,1,749.99,0.2,749.79
778,1,64,1,489.99,0.1,489.89
778,2,85,1,329.99,0.05,329.94
779,1,101,1,339.99,0.05,339.94
779,2,90,2,209.99,0.2,419.78
779,3,47,1,5299.99,0.2,5299.79
779,4,8,1,1799.99,0.2,1799.79
779,5,85,1,329.99,0.2,329.79
780,1,32,1,469.99,0.1,469.89
781,1,109,2,416.99,0.05,833.93
781,2,7,2,3999.99,0.2,7999.78
781,3,57,2,1999.99,0.1,3999.88
782,1,20,2,599.99,0.07,1199.91
782,2,57,1,1999.99,0.07,1999.92
782,3,99,1,299.99,0.07,299.92
782,4,16,2,599.99,0.2,1199.78
783,1,92,1,209.99,0.2,209.79
783,2,22,2,269.99,0.05,539.93
783,3,94,1,249.99,0.05,249.94
783,4,29,1,999.99,0.1,999.89
784,1,22,1,269.99,0.07,269.92
784,2,72,2,619.99,0.1,1239.88
784,3,16,1,599.99,0.2,599.79
785,1,59,2,2599.99,0.2,5199.78
785,2,40,1,4999.99,0.07,4999.92
785,3,25,1,499.99,0.07,499.92
786,1,80,1,761.99,0.05,761.94
787,1,51,2,6499.99,0.07,12999.91
787,2,66,2,250.99,0.1,501.88
788,1,48,1,1499.99,0.2,1499.79
788,2,19,1,449.0,0.1,448.9
788,3,13,1,269.99,0.05,269.94
789,1,100,2,489.99,0.2,979.78
789,2,93,2,209.99,0.07,419.91
790,1,62,2,3499.99,0.07,6999.91
790,2,91,1,349.99,0.1,349.89
791,1,54,1,3199.99,0.2,3199.79
791,2,25,2,499.99,0.07,999.91
792,1,16,2,599.99,0.2,1199.78
792,2,39,1,1499.99,0.2,1499.79
792,3,56,1,5499.99,0.2,5499.79
792,4,30,1,999.99,0.05,999.94
792,5,2,1,749.99,0.2,749.79
793,1,60,1,1559.99,0.05,1559.94
793,2,95,2,299.99,0.05,599.93
793,3,75,2,599.99,0.05,1199.93
794,1,41,2,1469.99,0.05,2939.93
794,2,68,1,449.99,0.2,449.79
794,3,17,1,429.0,0.07,428.93
794,4,28,1,2499.99,0.1,2499.89
795,1,95,2,299.99,0.05,599.93
795,2,99,2,299.99,0.05,599.93
796,1,6,2,469.99,0.2,939.78
797,1,11,1,1680.99,0.07,1680.92
797,2,69,1,416.99,0.05,416.94
797,3,74,1,439.99,0.1,439.89
797,4,54,2,3199.99,0.05,6399.93
797,5,62,2,3499.99,0.1,6999.88
798,1,23,1,299.99,0.1,299.89
798,2,90,1,209.99,0.05,209.94
798,3,91,2,349.99,0.07,699.91
798,4,42,1,2299.99,0.2,2299.79
798,5,26,2,599.99,0.05,1199.93
799,1,5,2,1320.99,0.1,2641.88
799,2,34,2,469.99,0.05,939.93
799,3,29,2,999.99,0.07,1999.91
799,4,63,1,3499.99,0.1,3499.89
799,5,58,2,4999.99,0.07,9999.91
800,1,65,2,346.99,0.1,693.88
800,2,54,1,3199.99,0.07,3199.92
800,3,6,2,469.99,0.05,939.93
800,4,52,1,875.99,0.1,875.89
800,5,95,2,299.99,0.05,599.93
801,1,101,1,339.99,0.07,339.92
802,1,30,1,999.99,0.05,999.94
802,2,36,2,832.99,0.2,1665.78
802,3,40,1,4999.99,0.1,4999.89
802,4,28,1,2499.99,0.05,2499.94
803,1,111,1,470.99,0.07,470.92
803,2,52,2,875.99,0.05,1751.93
803,3,102,1,489.99,0.07,489.92
803,4,83,2,149.99,0.05,299.93
804,1,89,2,209.99,0.2,419.78
804,2,53,1,749.99,0.07,749.92
804,3,50,2,5999.99,0.05,11999.93
805,1,24,1,549.99,0.05,549.94
805,2,33,2,469.99,0.2,939.78
805,3,62,2,3499.99,0.2,6999.78
805,4,32,1,469.99,0.07,469.92
805,5,6,2,469.99,0.05,939.93
806,1,93,2,209.99,0.1,419.88
806,2,97,1,349.99,0.2,349.79
806,3,77,2,799.99,0.1,1599.88
806,4,82,2,659.99,0.2,1319.78
806,5,91,2,349.99,0.07,699.91
807,1,21,2,269.99,0.2,539.78
807,2,6,1,469.99,0.07,469.92
807,3,3,2,999.99,0.07,1999.91
807,4,9,2,2999.99,0.2,5999.78
807,5,16,1,599.99,0.2,599.79
808,1,96,2,349.99,0.05,699.93
808,2,18,1,449.0,0.05,448.95
808,3,85,1,329.99,0.05,329.94
808,4,19,2,449.0,0.05,897.95
809,1,78,1,647.99,0.1,647.89
809,2,26,1,599.99,0.2,599.79
809,3,92,2,209.99,0.1,419.88
810,1,103,2,551.99,0.05,1103.93
810,2,100,1,489.99,0.2,489.79
810,3,56,1,5499.99,0.05,5499.94
810,4,22,1,269.99,0.2,269.79
811,1,45,2,869.99,0.07,1739.91
811,2,54,1,3199.99,0.2,3199.79
811,3,70,1,659.99,0.07,659.92
811,4,66,1,250.99,0.1,250.89
812,1,76,2,299.99,0.1,599.88
812,2,40,1,4999.99,0.2,4999.79
813,1,96,2,349.99,0.1,699.88
813,2,85,2,329.99,0.2,659.78
813,3,33,2,469.99,0.2,939.78
813,4,26,2,599.99,0.07,1199.91
813,5,71,2,416.99,0.05,833.93
814,1,69,2,416.99,0.1,833.88
814,2,100,1,489.99,0.1,489.89
814,3,65,1,346.99,0.2,346.79
814,4,83,2,149.99,0.05,299.93
815,1,105,2,533.99,0.2,1067.78
815,2,102,2,489.99,0.2,979.78
815,3,87,2,189.99,0.1,379.88
815,4,23,1,299.99,0.07,299.92
816,1,75,2,599.99,0.1,1199.88
816,2,64,2,489.99,0.2,979.78
817,1,85,1,329.99,0.05,329.94
817,2,105,2,533.99,0.07,1067.91
817,3,48,2,1499.99,0.05,2999.93
818,1,103,1,551.99,0.05,551.94
818,2,44,2,539.99,0.07,1079.91
818,3,19,2,449.0,0.05,897.95
818,4,48,2,1499.99,0.05,2999.93
819,1,94,1,249.99,0.2,249.79
820,1,107,1,416.99,0.05,416.94
821,1,102,1,489.99,0.07,489.92
821,2,70,2,659.99,0.2,1319.78
821,3,6,1,469.99,0.2,469.79
821,4,107,1,416.99,0.05,416.94
822,1,53,1,749.99,0.05,749.94
822,2,72,1,619.99,0.2,619.79
823,1,56,2,5499.99,0.07,10999.91
823,2,86,2,149.99,0.2,299.78
823,3,81,1,1099.99,0.2,1099.79
824,1,92,2,209.99,0.1,419.88
825,1,19,1,449.0,0.1,448.9
825,2,30,2,999.99,0.2,1999.78
826,1,45,2,869.99,0.2,1739.78
826,2,36,1,832.99,0.1,832.89
827,1,43,1,5299.99,0.05,5299.94
827,2,41,1,1469.99,0.2,1469.79
827,3,28,1,2499.99,0.2,2499.79
827,4,108,1,449.99,0.2,449.79
828,1,25,2,499.99,0.2,999.78
828,2,24,1,549.99,0.2,549.79
828,3,55,2,2699.99,0.07,5399.91
829,1,103,1,551.99,0.2,551.79
829,2,105,2,533.99,0.1,1067.88
830,1,85,2,329.99,0.2,659.78
830,2,100,2,489.99,0.07,979.91
830,3,96,2,349.99,0.2,699.78
831,1,67,1,250.99,0.2,250.79
831,2,11,1,1680.99,0.2,1680.79
831,3,68,1,449.99,0.1,449.89
832,1,54,1,3199.99,0.05,3199.94
832,2,45,1,869.99,0.2,869.79
832,3,27,1,999.99,0.07,999.92
832,4,16,2,599.99,0.1,1199.88
833,1,20,2,599.99,0.05,1199.93
834,1,54,1,3199.99,0.07,3199.92
834,2,21,1,269.99,0.05,269.94
834,3,78,1,647.99,0.2,647.79
835,1,65,2,346.99,0.07,693.91
835,2,82,1,659.99,0.2,659.79
835,3,2,1,749.99,0.05,749.94
836,1,108,2,449.99,0.2,899.78
837,1,51,1,6499.99,0.05,6499.94
837,2,97,1,349.99,0.1,349.89
837,3,87,2,189.99,0.2,379.78
838,1,28,1,2499.99,0.1,2499.89
838,2,10,1,1549.0,0.1,1548.9
838,3,100,2,489.99,0.05,979.93
838,4,65,2,346.99,0.07,693.91
839,1,55,1,2699.99,0.07,2699.92
839,2,85,1,329.99,0.1,329.89
839,3,58,2,4999.99,0.05,9999.93
840,1,27,1,999.99,0.07,999.92
840,2,43,1,5299.99,0.07,5299.92
840,3,106,2,449.99,0.2,899.78
841,1,22,2,269.99,0.1,539.88
841,2,9,1,2999.99,0.2,2999.79
841,3,11,1,1680.99,0.2,1680.79
841,4,90,2,209.99,0.07,419.91
841,5,100,1,489.99,0.1,489.89
842,1,81,2,1099.99,0.07,2199.91
842,2,42,1,2299.99,0.1,2299.89
843,1,72,1,619.99,0.1,619.89
843,2,75,2,599.99,0.1,1199.88
843,3,81,1,1099.99,0.1,1099.89
843,4,23,2,299.99,0.07,599.91
844,1,79,2,402.99,0.07,805.91
844,2,12,1,549.99,0.1,549.89
844,3,83,2,149.99,0.2,299.78
844,4,48,1,1499.99,0.2,1499.79
844,5,63,2,3499.99,0.05,6999.93
845,1,16,2,599.99,0.2,1199.78
845,2,75,1,599.99,0.2,599.79
845,3,26,2,599.99,0.05,1199.93
845,4,73,2,749.99,0.2,1499.78
845,5,88,1,189.99,0.05,189.94
846,1,46,2,1409.99,0.05,2819.93
846,2,47,1,5299.99,0.07,5299.92
846,3,71,1,416.99,0.1,416.89
846,4,72,2,619.99,0.05,1239.93
846,5,103,2,551.99,0.07,1103.91
847,1,61,2,4999.99,0.05,9999.93
848,1,93,1,209.99,0.07,209.92
848,2,100,2,489.99,0.2,979.78
848,3,88,2,189.99,0.2,379.78
848,4,41,2,1469.99,0.07,2939.91
849,1,109,1,416.99,0.2,416.79
850,1,101,2,339.99,0.07,679.91
850,2,5,2,1320.99,0.07,2641.91
850,3,37,1,379.99,0.07,379.92
851,1,30,1,999.99,0.2,999.79
851,2,93,1,209.99,0.05,209.94
852,1,46,2,1409.99,0.07,2819.91
853,1,99,1,299.99,0.05,299.94
853,2,58,2,4999.99,0.2,9999.78
853,3,42,2,2299.99,0.2,4599.78
853,4,45,1,869.99,0.2,869.79
853,5,6,1,469.99,0.05,469.94
854,1,87,1,189.99,0.1,189.89
855,1,18,1,449.0,0.1,448.9
855,2,93,2,209.99,0.2,419.78
855,3,89,1,209.99,0.2,209.79
856,1,38,2,549.99,0.05,1099.93
857,1,29,1,999.99,0.2,999.79
858,1,45,2,869.99,0.2,1739.78
858,2,5,1,1320.99,0.2,1320.79
858,3,14,1,269.99,0.07,269.92
858,4,73,2,749.99,0.07,1499.91
859,1,38,2,549.99,0.07,1099.91
859,2,13,1,269.99,0.1,269.89
859,3,14,2,269.99,0.1,539.88
859,4,71,2,416.99,0.1,833.88
859,5,36,2,832.99,0.1,1665.88
860,1,6,1,469.99,0.05,469.94
860,2,24,2,549.99,0.2,1099.78
860,3,25,1,499.99,0.2,499.79
860,4,58,2,4999.99,0.07,9999.91
860,5,95,2,299.99,0.05,599.93
861,1,14,2,269.99,0.07,539.91
861,2,62,1,3499.99,0.2,3499.79
862,1,85,1,329.99,0.05,329.94
862,2,99,1,299.99,0.2,299.79
862,3,49,2,3499.99,0.07,6999.91
863,1,93,2,209.99,0.1,419.88
864,1,37,1,379.99,0.1,379.89
864,2,65,2,346.99,0.05,693.93
864,3,13,1,269.99,0.2,269.79
865,1,109,2,416.99,0.1,833.88
865,2,34,1,469.99,0.05,469.94
866,1,88,1,189.99,0.2,189.79
866,2,67,2,250.99,0.07,501.91
866,3,80,1,761.99,0.07,761.92
866,4,13,2,269.99,0.07,539.91
867,1,101,1,339.99,0.05,339.94
868,1,46,1,1409.99,0.07,1409.92
869,1,7,1,3999.99,0.2,3999.79
869,2,106,2,449.99,0.05,899.93
869,3,33,1,469.99,0.05,469.94
869,4,55,2,2699.99,0.05,5399.93
869,5,65,2,346.99,0.2,693.78
870,1,63,1,3499.99,0.07,3499.92
871,1,106,1,449.99,0.2,449.79
871,2,38,1,549.99,0.1,549.89
871,3,30,2,999.99,0.2,1999.78
871,4,107,2,416.99,0.05,833.93
872,1,62,2,3499.99,0.07,6999.91
872,2,53,1,749.99,0.1,749.89
873,1,32,2,469.99,0.1,939.88
874,1,56,1,5499.99,0.05,5499.94
874,2,27,2,999.99,0.05,1999.93
874,3,73,1,749.99,0.1,749.89
874,4,77,2,799.99,0.07,1599.91
875,1,5,2,1320.99,0.1,2641.88
875,2,15,2,529.99,0.05,1059.93
875,3,14,1,269.99,0.07,269.92
875,4,111,1,470.99,0.2,470.79
876,1,17,2,429.0,0.2,857.8
876,2,66,2,250.99,0.2,501.78
876,3,96,1,349.99,0.07,349.92
876,4,107,2,416.99,0.05,833.93
877,1,73,1,749.99,0.07,749.92
877,2,103,1,551.99,0.1,551.89
878,1,103,1,551.99,0.2,551.79
878,2,13,1,269.99,0.1,269.89
878,3,6,2,469.99,0.2,939.78
878,4,18,2,449.0,0.05,897.95
879,1,100,2,489.99,0.2,979.78
879,2,2,2,749.99,0.07,1499.91
879,3,83,2,149.99,0.2,299.78
879,4,82,1,659.99,0.07,659.92
880,1,28,2,2499.99,0.2,4999.78
880,2,95,1,299.99,0.1,299.89
880,3,5,1,1320.99,0.07,1320.92
880,4,26,1,599.99,0.1,599.89
880,5,66,1,250.99,0.2,250.79
881,1,98,1,489.99,0.07,489.92
881,2,50,1,5999.99,0.2,5999.79
881,3,64,2,489.99,0.05,979.93
881,4,67,1,250.99,0.1,250.89
882,1,63,2,3499.99,0.07,6999.91
882,2,108,2,449.99,0.2,899.78
882,3,57,2,1999.99,0.07,3999.91
883,1,44,1,539.99,0.05,539.94
883,2,5,2,1320.99,0.05,2641.93
884,1,49,2,3499.99,0.05,6999.93
884,2,69,2,416.99,0.07,833.91
884,3,46,2,1409.99,0.2,2819.78
884,4,10,1,1549.0,0.1,1548.9
884,5,21,2,269.99,0.05,539.93
885,1,106,1,449.99,0.07,449.92
885,2,43,1,5299.99,0.1,5299.89
886,1,47,1,5299.99,0.05,5299.94
886,2,30,1,999.99,0.05,999.94
887,1,50,2,5999.99,0.05,11999.93
887,2,70,1,659.99,0.1,659.89
888,1,33,2,469.99,0.1,939.88
888,2,26,2,599.99,0.2,1199.78
889,1,12,2,549.99,0.1,1099.88
890,1,16,2,599.99,0.1,1199.88
890,2,105,2,533.99,0.1,1067.88
890,3,52,1,875.99,0.05,875.94
890,4,67,1,250.99,0.1,250.89
890,5,65,2,346.99,0.1,693.88
891,1,107,2,416.99,0.1,833.88
891,2,32,1,469.99,0.05,469.94
891,3,35,2,832.99,0.1,1665.88
891,4,50,1,5999.99,0.1,5999.89
892,1,36,1,832.99,0.1,832.89
892,2,9,2,2999.99,0.2,5999.78
892,3,50,2,5999.99,0.07,11999.91
892,4,88,1,189.99,0.05,189.94
893,1,67,2,250.99,0.05,501.93
893,2,45,1,869.99,0.07,869.92
894,1,101,2,339.99,0.2,679.78
895,1,106,1,449.99,0.07,449.92
896,1,91,2,349.99,0.05,699.93
896,2,10,1,1549.0,0.05,1548.95
897,1,105,1,533.99,0.05,533.94
897,2,96,1,349.99,0.05,349.94
898,1,45,2,869.99,0.2,1739.78
898,2,16,1,599.99,0.07,599.92
898,3,57,2,1999.99,0.2,3999.78
898,4,69,2,416.99,0.07,833.91
899,1,59,2,2599.99,0.1,5199.88
899,2,17,1,429.0,0.1,428.9
899,3,6,1,469.99,0.2,469.79
900,1,26,2,599.99,0.05,1199.93
900,2,108,1,449.99,0.07,449.92
900,3,89,1,209.99,0.2,209.79
900,4,61,2,4999.99,0.05,9999.93
900,5,28,2,2499.99,0.07,4999.91
901,1,50,1,5999.99,0.2,5999.79
901,2,43,1,5299.99,0.07,5299.92
902,1,38,2,549.99,0.07,1099.91
902,2,92,1,209.99,0.07,209.92
902,3,12,1,549.99,0.2,549.79
902,4,76,2,299.99,0.05,599.93
903,1,31,2,1632.99,0.07,3265.91
903,2,48,2,1499.99,0.05,2999.93
904,1,36,2,832.99,0.1,1665.88
904,2,51,2,6499.99,0.07,12999.91
904,3,92,2,209.99,0.2,419.78
904,4,13,1,269.99,0.2,269.79
905,1,67,1,250.99,0.1,250.89
905,2,62,2,3499.99,0.05,6999.93
905,3,42,2,2299.99,0.2,4599.78
905,4,20,1,599.99,0.2,599.79
906,1,23,2,299.99,0.2,599.78
906,2,28,2,2499.99,0.07,4999.91
906,3,46,1,1409.99,0.05,1409.94
906,4,102,2,489.99,0.1,979.88
906,5,22,2,269.99,0.2,539.78
907,1,84,2,109.99,0.07,219.91
907,2,65,1,346.99,0.07,346.92
908,1,41,1,1469.99,0.2,1469.79
908,2,94,1,249.99,0.1,249.89
908,3,102,2,489.99,0.1,979.88
909,1,5,1,1320.99,0.2,1320.79
910,1,23,1,299.99,0.1,299.89
911,1,66,2,250.99,0.05,501.93
911,2,106,1,449.99,0.05,449.94
911,3,91,2,349.99,0.05,699.93
911,4,49,1,3499.99,0.2,3499.79
912,1,22,2,269.99,0.2,539.78
912,2,71,2,416.99,0.05,833.93
912,3,101,1,339.99,0.05,339.94
912,4,2,2,749.99,0.2,1499.78
913,1,90,2,209.99,0.1,419.88
913,2,24,2,549.99,0.05,1099.93
914,1,38,1,549.99,0.07,549.92
914,2,20,2,599.99,0.2,1199.78
914,3,106,1,449.99,0.05,449.94
914,4,46,1,1409.99,0.1,1409.89
915,1,64,1,489.99,0.05,489.94
915,2,48,1,1499.99,0.07,1499.92
915,3,42,1,2299.99,0.2,2299.79
915,4,2,1,749.99,0.07,749.92
916,1,92,1,209.99,0.2,209.79
917,1,41,1,1469.99,0.07,1469.92
918,1,91,1,349.99,0.2,349.79
918,2,31,1,1632.99,0.1,1632.89
918,3,4,2,2899.99,0.07,5799.91
919,1,7,1,3999.99,0.07,3999.92
919,2,44,1,539.99,0.1,539.89
920,1,76,1,299.99,0.05,299.94
920,2,39,2,1499.99,0.07,2999.91
920,3,78,1,647.99,0.05,647.94
920,4,80,2,761.99,0.07,1523.91
921,1,77,1,799.99,0.2,799.79
921,2,75,2,599.99,0.07,1199.91
921,3,48,1,1499.99,0.1,1499.89
922,1,68,1,449.99,0.2,449.79
922,2,73,1,749.99,0.2,749.79
922,3,86,1,149.99,0.1,149.89
923,1,74,2,439.99,0.05,879.93
923,2,6,1,469.99,0.1,469.89
924,1,97,2,349.99,0.2,699.78
924,2,36,1,832.99,0.2,832.79
925,1,97,1,349.99,0.07,349.92
925,2,62,2,3499.99,0.2,6999.78
926,1,37,2,379.99,0.2,759.78
927,1,74,2,439.99,0.1,879.88
927,2,16,2,599.99,0.2,1199.78
927,3,50,1,5999.99,0.1,5999.89
927,4,3,1,999.99,0.1,999.89
927,5,43,1,5299.99,0.07,5299.92
928,1,71,2,416.99,0.05,833.93
928,2,83,1,149.99,0.2,149.79
929,1,82,1,659.99,0.2,659.79
929,2,63,2,3499.99,0.1,6999.88
929,3,24,1,549.99,0.05,549.94
930,1,56,2,5499.99,0.07,10999.91
930,2,82,1,659.99,0.07,659.92
930,3,60,1,1559.99,0.1,1559.89
930,4,65,2,346.99,0.05,693.93
930,5,51,2,6499.99,0.1,12999.88
931,1,49,2,3499.99,0.07,6999.91
931,2,76,1,299.99,0.2,299.79
932,1,74,1,439.99,0.05,439.94
933,1,77,1,799.99,0.07,799.92
933,2,21,1,269.99,0.2,269.79
933,3,75,2,599.99,0.05,1199.93
934,1,35,2,832.99,0.05,1665.93
934,2,48,1,1499.99,0.05,1499.94
934,3,18,1,449.0,0.1,448.9
934,4,61,1,4999.99,0.07,4999.92
934,5,56,2,5499.99,0.2,10999.78
935,1,65,2,346.99,0.2,693.78
935,2,76,2,299.99,0.07,599.91
935,3,6,1,469.99,0.07,469.92
935,4,38,1,549.99,0.07,549.92
936,1,70,1,659.99,0.1,659.89
936,2,44,1,539.99,0.07,539.92
937,1,108,2,449.99,0.1,899.88
937,2,51,2,6499.99,0.07,12999.91
937,3,58,2,4999.99,0.07,9999.91
937,4,28,2,2499.99,0.07,4999.91
937,5,66,1,250.99,0.2,250.79
938,1,4,1,2899.99,0.05,2899.94
938,2,13,1,269.99,0.05,269.94
939,1,5,1,1320.99,0.1,1320.89
939,2,107,2,416.99,0.2,833.78
940,1,75,2,599.99,0.2,1199.78
941,1,25,1,499.99,0.1,499.89
941,2,102,2,489.99,0.05,979.93
941,3,11,2,1680.99,0.07,3361.91
942,1,98,2,489.99,0.05,979.93
942,2,110,2,470.99,0.1,941.88
942,3,35,2,832.99,0.07,1665.91
942,4,103,1,551.99,0.05,551.94
942,5,100,1,489.99,0.05,489.94
943,1,25,1,499.99,0.2,499.79
943,2,82,1,659.99,0.2,659.79
944,1,29,2,999.99,0.07,1999.91
944,2,16,2,599.99,0.1,1199.88
944,3,70,2,659.99,0.2,1319.78
944,4,85,2,329.99,0.2,659.78
944,5,69,2,416.99,0.07,833.91
945,1,105,1,533.99,0.05,533.94
945,2,94,2,249.99,0.2,499.78
945,3,34,2,469.99,0.05,939.93
945,4,44,2,539.99,0.1,1079.88
945,5,50,2,5999.99,0.05,11999.93
946,1,7,1,3999.99,0.1,3999.89
946,2,85,2,329.99,0.2,659.78
946,3,62,1,3499.99,0.05,3499.94
946,4,22,2,269.99,0.2,539.78
946,5,56,2,5499.99,0.07,10999.91
947,1,32,1,469.99,0.05,469.94
947,2,42,2,2299.99,0.07,4599.91
947,3,44,1,539.99,0.07,539.92
948,1,23,2,299.99,0.2,599.78
948,2,20,2,599.99,0.1,1199.88
948,3,101,1,339.99,0.2,339.79
948,4,92,2,209.99,0.2,419.78
948,5,72,2,619.99,0.2,1239.78
949,1,9,2,2999.99,0.1,5999.88
949,2,55,2,2699.99,0.05,5399.93
950,1,56,1,5499.99,0.05,5499.94
951,1,59,1,2599.99,0.1,2599.89
951,2,43,2,5299.99,0.1,10599.88
951,3,62,2,3499.99,0.2,6999.78
952,1,20,2,599.99,0.07,1199.91
952,2,57,1,1999.99,0.05,1999.94
953,1,23,2,299.99,0.07,599.91
954,1,4,2,2899.99,0.1,5799.88
955,1,43,1,5299.99,0.1,5299.89
955,2,31,2,1632.99,0.07,3265.91
955,3,96,1,349.99,0.05,349.94
955,4,63,1,3499.99,0.2,3499.79
955,5,88,1,189.99,0.05,189.94
956,1,76,2,299.99,0.1,599.88
956,2,23,1,299.99,0.2,299.79
956,3,73,2,749.99,0.1,1499.88
956,4,13,2,269.99,0.2,539.78
956,5,79,2,402.99,0.1,805.88
957,1,108,2,449.99,0.05,899.93
957,2,14,2,269.99,0.07,539.91
957,3,70,2,659.99,0.05,1319.93
957,4,66,1,250.99,0.07,250.92
957,5,111,1,470.99,0.05,470.94
958,1,51,1,6499.99,0.1,6499.89
958,2,76,1,299.99,0.2,299.79
959,1,15,1,529.99,0.2,529.79
959,2,72,1,619.99,0.1,619.89
959,3,41,1,1469.99,0.05,1469.94
959,4,65,1,346.99,0.07,346.92
960,1,73,2,749.99,0.05,1499.93
960,2,52,1,875.99,0.1,875.89
960,3,48,2,1499.99,0.05,2999.93
960,4,83,2,149.99,0.1,299.88
961,1,105,1,533.99,0.1,533.89
961,2,47,2,5299.99,0.2,10599.78
961,3,65,2,346.99,0.07,693.91
962,1,65,2,346.99,0.07,693.91
962,2,64,2,489.99,0.07,979.91
963,1,4,1,2899.99,0.07,2899.92
964,1,90,1,209.99,0.2,209.79
964,2,74,1,439.99,0.2,439.79
965,1,90,2,209.99,0.1,419.88
966,1,88,1,189.99,0.05,189.94
966,2,73,1,749.99,0.07,749.92
967,1,66,1,250.99,0.2,250.79
967,2,77,2,799.99,0.05,1599.93
967,3,87,1,189.99,0.1,189.89
967,4,103,1,551.99,0.2,551.79
968,1,87,1,189.99,0.2,189.79
968,2,61,2,4999.99,0.05,9999.93
968,3,10,2,1549.0,0.05,3097.95
969,1,74,1,439.99,0.2,439.79
969,2,36,1,832.99,0.1,832.89
970,1,85,1,329.99,0.1,329.89
970,2,48,2,1499.99,0.1,2999.88
970,3,54,2,3199.99,0.1,6399.88
970,4,68,1,449.99,0.1,449.89
971,1,70,2,659.99,0.05,1319.93
971,2,65,2,346.99,0.07,693.91
971,3,8,2,1799.99,0.05,3599.93
971,4,12,2,549.99,0.07,1099.91
971,5,38,1,549.99,0.2,549.79
972,1,100,1,489.99,0.2,489.79
972,2,63,1,3499.99,0.07,3499.92
973,1,4,2,2899.99,0.1,5799.88
973,2,28,2,2499.99,0.1,4999.88
973,3,47,2,5299.99,0.05,10599.93
973,4,71,1,416.99,0.07,416.92
974,1,33,2,469.99,0.1,939.88
974,2,22,2,269.99,0.2,539.78
975,1,110,2,470.99,0.2,941.78
976,1,26,2,599.99,0.1,1199.88
976,2,39,1,1499.99,0.07,1499.92
977,1,52,2,875.99,0.1,1751.88
977,2,69,2,416.99,0.05,833.93
977,3,27,1,999.99,0.05,999.94
977,4,80,2,761.99,0.05,1523.93
978,1,106,2,449.99,0.05,899.93
978,2,25,2,499.99,0.2,999.78
978,3,108,2,449.99,0.05,899.93
979,1,55,1,2699.99,0.05,2699.94
979,2,71,2,416.99,0.2,833.78
979,3,12,2,549.99,0.1,1099.88
979,4,52,1,875.99,0.2,875.79
980,1,49,2,3499.99,0.2,6999.78
980,2,9,1,2999.99,0.1,2999.89
980,3,64,1,489.99,0.1,489.89
981,1,35,1,832.99,0.1,832.89
981,2,95,2,299.99,0.05,599.93
981,3,21,2,269.99,0.07,539.91
981,4,36,2,832.99,0.1,1665.88
981,5,61,1,4999.99,0.07,4999.92
982,1,22,2,269.99,0.1,539.88
982,2,110,1,470.99,0.07,470.92
982,3,52,1,875.99,0.07,875.92
982,4,40,2,4999.99,0.05,9999.93
983,1,63,1,3499.99,0.1,3499.89
983,2,20,2,599.99,0.2,1199.78
983,3,68,1,449.99,0.07,449.92
983,4,81,2,1099.99,0.07,2199.91
983,5,88,1,189.99,0.05,189.94
984,1,68,1,449.99,0.2,449.79
984,2,81,2,1099.99,0.2,2199.78
984,3,12,1,549.99,0.1,549.89
984,4,111,1,470.99,0.2,470.79
985,1,5,2,1320.99,0.07,2641.91
985,2,59,1,2599.99,0.2,2599.79
985,3,78,2,647.99,0.05,1295.93
986,1,87,1,189.99,0.1,189.89
986,2,78,1,647.99,0.05,647.94
986,3,26,2,599.99,0.07,1199.91
987,1,51,2,6499.99,0.1,12999.88
987,2,60,2,1559.99,0.2,3119.78
987,3,80,1,761.99,0.07,761.92
988,1,35,1,832.99,0.2,832.79
988,2,38,1,549.99,0.07,549.92
988,3,12,2,549.99,0.07,1099.91
989,1,99,1,299.99,0.05,299.94
989,2,27,1,999.99,0.1,999.89
989,3,70,1,659.99,0.1,659.89
989,4,84,2,109.99,0.07,219.91
989,5,5,1,1320.99,0.1,1320.89
990,1,6,2,469.99,0.2,939.78
990,2,29,1,999.99,0.1,999.89
990,3,91,1,349.99,0.1,349.89
990,4,14,2,269.99,0.1,539.88
991,1,9,2,2999.99,0.2,5999.78
991,2,79,1,402.99,0.2,402.79
991,3,34,1,469.99,0.2,469.79
992,1,45,1,869.99,0.07,869.92
992,2,102,1,489.99,0.1,489.89
992,3,20,1,599.99,0.2,599.79
992,4,101,2,339.99,0.2,679.78
992,5,7,1,3999.99,0.05,3999.94
993,1,58,1,4999.99,0.2,4999.79
993,2,36,2,832.99,0.1,1665.88
993,3,10,2,1549.0,0.05,3097.95
993,4,99,2,299.99,0.07,599.91
993,5,79,2,402.99,0.1,805.88
994,1,37,2,379.99,0.1,759.88
994,2,45,1,869.99,0.2,869.79
994,3,66,1,250.99,0.07,250.92
995,1,16,2,599.99,0.1,1199.88
995,2,90,1,209.99,0.2,209.79
995,3,101,1,339.99,0.1,339.89
996,1,68,2,449.99,0.05,899.93
996,2,32,1,469.99,0.05,469.94
997,1,86,2,149.99,0.07,299.91
997,2,105,2,533.99,0.2,1067.78
997,3,14,2,269.99,0.07,539.91
998,1,26,2,599.99,0.05,1199.93
998,2,105,1,533.99,0.2,533.79
999,1,70,2,659.99,0.07,1319.91
999,2,106,1,449.99,0.05,449.94
1000,1,65,2,346.99,0.05,693.93
1000,2,111,1,470.99,0.1,470.89
1000,3,19,2,449.0,0.07,897.93
1000,4,29,2,999.99,0.05,1999.93
1001,1,72,1,619.99,0.05,619.94
1001,2,45,2,869.99,0.05,1739.93
1001,3,58,1,4999.99,0.1,4999.89
1001,4,111,1,470.99,0.07,470.92
1002,1,100,1,489.99,0.05,489.94
1002,2,83,1,149.99,0.1,149.89
1002,3,8,2,1799.99,0.1,3599.88
1002,4,79,1,402.99,0.2,402.79
1003,1,34,2,469.99,0.05,939.93
1003,2,51,2,6499.99,0.05,12999.93
1004,1,36,2,832.99,0.1,1665.88
1005,1,14,2,269.99,0.2,539.78
1005,2,81,2,1099.99,0.1,2199.88
1005,3,99,1,299.99,0.1,299.89
1006,1,20,1,599.99,0.07,599.92
1006,2,68,1,449.99,0.1,449.89
1006,3,56,2,5499.99,0.07,10999.91
1006,4,65,1,346.99,0.1,346.89
1006,5,46,1,1409.99,0.1,1409.89
1007,1,26,1,599.99,0.2,599.79
1007,2,11,1,1680.99,0.05,1680.94
1007,3,85,2,329.99,0.1,659.88
1007,4,76,1,299.99,0.2,299.79
1007,5,106,2,449.99,0.1,899.88
1008,1,71,1,416.99,0.2,416.79
1008,2,2,1,749.99,0.1,749.89
1008,3,95,1,299.99,0.07,299.92
1009,1,95,2,299.99,0.07,599.91
1009,2,44,1,539.99,0.07,539.92
1010,1,109,2,416.99,0.1,833.88
1011,1,88,1,189.99,0.2,189.79
1011,2,99,2,299.99,0.2,599.78
1011,3,16,2,599.99,0.2,1199.78
1011,4,68,2,449.99,0.05,899.93
1012,1,8,1,1799.99,0.07,1799.92
1012,2,64,1,489.99,0.2,489.79
1013,1,60,2,1559.99,0.05,3119.93
1014,1,97,1,349.99,0.2,349.79
1014,2,45,2,869.99,0.05,1739.93
1014,3,81,2,1099.99,0.1,2199.88
1014,4,59,1,2599.99,0.05,2599.94
1015,1,6,2,469.99,0.1,939.88
1015,2,73,2,749.99,0.2,1499.78
1015,3,101,2,339.99,0.1,679.88
1015,4,13,1,269.99,0.2,269.79
1016,1,76,2,299.99,0.07,599.91
1017,1,89,1,209.99,0.07,209.92
1017,2,82,2,659.99,0.2,1319.78
1017,3,100,1,489.99,0.2,489.79
1017,4,18,2,449.0,0.2,897.8
1017,5,77,2,799.99,0.1,1599.88
1018,1,76,2,299.99,0.07,599.91
1018,2,97,2,349.99,0.1,699.88
1018,3,91,1,349.99,0.2,349.79
1019,1,30,1,999.99,0.1,999.89
1019,2,52,1,875.99,0.2,875.79
1019,3,37,1,379.99,0.05,379.94
1019,4,93,2,209.99,0.2,419.78
1020,1,20,2,599.99,0.05,1199.93
1020,2,69,2,416.99,0.05,833.93
1020,3,15,1,529.99,0.07,529.92
1020,4,57,2,1999.99,0.1,3999.88
1020,5,40,2,4999.99,0.05,9999.93
1021,1,49,2,3499.99,0.07,6999.91
1021,2,23,2,299.99,0.07,599.91
1022,1,33,1,469.99,0.2,469.79
1022,2,46,1,1409.99,0.1,1409.89
1022,3,65,1,346.99,0.07,346.92
1022,4,5,1,1320.99,0.07,1320.92
1023,1,91,1,349.99,0.07,349.92
1023,2,43,2,5299.99,0.1,10599.88
1024,1,104,1,481.99,0.2,481.79
1024,2,28,2,2499.99,0.05,4999.93
1024,3,98,2,489.99,0.2,979.78
1024,4,96,2,349.99,0.1,699.88
1024,5,91,1,349.99,0.2,349.79
1025,1,89,1,209.99,0.07,209.92
1025,2,102,1,489.99,0.1,489.89
1025,3,39,1,1499.99,0.1,1499.89
1025,4,15,1,529.99,0.05,529.94
1025,5,66,2,250.99,0.05,501.93
1026,1,7,2,3999.99,0.07,7999.91
1027,1,95,2,299.99,0.1,599.88
1027,2,14,2,269.99,0.05,539.93
1028,1,111,2,470.99,0.1,941.88
1028,2,10,1,1549.0,0.2,1548.8
1028,3,41,1,1469.99,0.2,1469.79
1028,4,35,2,832.99,0.1,1665.88
1028,5,108,1,449.99,0.2,449.79
1029,1,20,1,599.99,0.2,599.79
1029,2,55,1,2699.99,0.1,2699.89
1029,3,40,1,4999.99,0.2,4999.79
1029,4,68,2,449.99,0.1,899.88
1030,1,27,1,999.99,0.05,999.94
1030,2,10,2,1549.0,0.1,3097.9
1030,3,72,1,619.99,0.1,619.89
1031,1,27,2,999.99,0.2,1999.78
1031,2,108,2,449.99,0.2,899.78
1032,1,60,2,1559.99,0.1,3119.88
1032,2,17,1,429.0,0.1,428.9
1033,1,26,1,599.99,0.07,599.92
1033,2,109,2,416.99,0.1,833.88
1033,3,27,2,999.99,0.07,1999.91
1034,1,101,1,339.99,0.1,339.89
1034,2,8,2,1799.99,0.1,3599.88
1034,3,11,2,1680.99,0.07,3361.91
1034,4,21,1,269.99,0.05,269.94
1035,1,96,1,349.99,0.2,349.79
1036,1,55,2,2699.99,0.1,5399.88
1036,2,76,1,299.99,0.07,299.92
1036,3,18,2,449.0,0.05,897.95
1036,4,65,2,346.99,0.2,693.78
1036,5,12,1,549.99,0.2,549.79
1037,1,74,2,439.99,0.07,879.91
1037,2,3,1,999.99,0.07,999.92
1037,3,65,2,346.99,0.2,693.78
1037,4,92,1,209.99,0.07,209.92
1037,5,84,2,109.99,0.05,219.93
1038,1,83,1,149.99,0.05,149.94
1038,2,9,1,2999.99,0.07,2999.92
1039,1,18,2,449.0,0.2,897.8
1040,1,97,1,349.99,0.1,349.89
1040,2,28,2,2499.99,0.2,4999.78
1040,3,64,1,489.99,0.07,489.92
1040,4,27,2,999.99,0.07,1999.91
1040,5,8,2,1799.99,0.05,3599.93
1041,1,89,1,209.99,0.1,209.89
1041,2,61,2,4999.99,0.07,9999.91
1041,3,94,2,249.99,0.1,499.88
1042,1,23,1,299.99,0.1,299.89
1043,1,55,2,2699.99,0.1,5399.88
1043,2,20,1,599.99,0.07,599.92
1044,1,97,2,349.99,0.1,699.88
1045,1,28,1,2499.99,0.05,2499.94
1045,2,104,2,481.99,0.05,963.93
1046,1,60,1,1559.99,0.07,1559.92
1046,2,79,1,402.99,0.07,402.92
1046,3,32,1,469.99,0.07,469.92
1046,4,41,2,1469.99,0.1,2939.88
1046,5,17,2,429.0,0.05,857.95
1047,1,28,2,2499.99,0.1,4999.88
1047,2,78,1,647.99,0.2,647.79
1047,3,35,1,832.99,0.05,832.94
1047,4,49,1,3499.99,0.05,3499.94
1048,1,3,2,999.99,0.1,1999.88
1048,2,37,1,379.99,0.1,379.89
1048,3,94,1,249.99,0.05,249.94
1049,1,9,1,2999.99,0.1,2999.89
1049,2,36,2,832.99,0.05,1665.93
1049,3,3,1,999.99,0.1,999.89
1049,4,26,1,599.99,0.07,599.92
1049,5,10,2,1549.0,0.05,3097.95
1050,1,96,2,349.99,0.07,699.91
1050,2,99,2,299.99,0.1,599.88
1050,3,45,2,869.99,0.2,1739.78
1050,4,14,2,269.99,0.2,539.78
1051,1,46,1,1409.99,0.2,1409.79
1052,1,7,1,3999.99,0.05,3999.94
1052,2,103,1,551.99,0.05,551.94
1052,3,26,2,599.99,0.07,1199.91
1053,1,49,2,3499.99,0.05,6999.93
1053,2,26,2,599.99,0.2,1199.78
1053,3,23,2,299.99,0.2,599.78
1053,4,68,1,449.99,0.1,449.89
1053,5,73,2,749.99,0.05,1499.93
1054,1,36,2,832.99,0.1,1665.88
1054,2,16,1,599.99,0.05,599.94
1055,1,43,2,5299.99,0.07,10599.91
1055,2,101,2,339.99,0.2,679.78
1055,3,12,2,549.99,0.1,1099.88
1055,4,83,2,149.99,0.1,299.88
1055,5,60,1,1559.99,0.2,1559.79
1056,1,3,1,999.99,0.05,999.94
1057,1,105,1,533.99,0.2,533.79
1057,2,97,1,349.99,0.05,349.94
1057,3,98,2,489.99,0.05,979.93
1058,1,43,1,5299.99,0.1,5299.89
1058,2,29,2,999.99,0.05,1999.93
1058,3,103,1,551.99,0.07,551.92
1059,1,46,2,1409.99,0.05,2819.93
1059,2,7,1,3999.99,0.1,3999.89
1059,3,13,1,269.99,0.07,269.92
1060,1,7,1,3999.99,0.07,3999.92
1060,2,11,2,1680.99,0.07,3361.91
1060,3,61,2,4999.99,0.1,9999.88
1060,4,30,2,999.99,0.05,1999.93
1061,1,14,1,269.99,0.07,269.92
1061,2,19,1,449.0,0.1,448.9
1062,1,13,1,269.99,0.05,269.94
1062,2,111,2,470.99,0.2,941.78
1062,3,5,1,1320.99,0.05,1320.94
1062,4,12,1,549.99,0.2,549.79
1063,1,33,2,469.99,0.1,939.88
1063,2,100,2,489.99,0.07,979.91
1063,3,72,2,619.99,0.2,1239.78
1064,1,18,1,449.0,0.07,448.93
1064,2,49,1,3499.99,0.1,3499.89
1065,1,48,2,1499.99,0.07,2999.91
1065,2,103,2,551.99,0.05,1103.93
1065,3,63,1,3499.99,0.07,3499.92
1066,1,15,2,529.99,0.05,1059.93
1066,2,46,1,1409.99,0.1,1409.89
1066,3,12,1,549.99,0.1,549.89
1067,1,74,2,439.99,0.07,879.91
1067,2,9,2,2999.99,0.2,5999.78
1067,3,72,2,619.99,0.1,1239.88
1067,4,6,2,469.99,0.2,939.78
1068,1,87,2,189.99,0.2,379.78
1068,2,82,1,659.99,0.2,659.79
1068,3,49,2,3499.99,0.2,6999.78
1068,4,45,2,869.99,0.2,1739.78
1069,1,109,1,416.99,0.07,416.92
1069,2,93,1,209.99,0.1,209.89
1070,1,110,1,470.99,0.2,470.79
1070,2,18,2,449.0,0.1,897.9
1070,3,94,1,249.99,0.05,249.94
1071,1,25,2,499.99,0.2,999.78
1072,1,83,1,149.99,0.2,149.79
1072,2,89,2,209.99,0.07,419.91
1072,3,36,2,832.99,0.07,1665.91
1073,1,81,1,1099.99,0.2,1099.79
1073,2,13,1,269.99,0.07,269.92
1073,3,20,1,599.99,0.2,599.79
1074,1,59,1,2599.99,0.1,2599.89
1074,2,87,1,189.99,0.07,189.92
1074,3,89,2,209.99,0.1,419.88
1075,1,48,2,1499.99,0.1,2999.88
1075,2,111,2,470.99,0.05,941.93
1076,1,95,1,299.99,0.1,299.89
1076,2,102,1,489.99,0.07,489.92
1076,3,73,2,749.99,0.07,1499.91
1077,1,60,2,1559.99,0.05,3119.93
1078,1,76,2,299.99,0.07,599.91
1078,2,60,2,1559.99,0.2,3119.78
1078,3,15,1,529.99,0.07,529.92
1078,4,10,2,1549.0,0.1,3097.9
1078,5,72,2,619.99,0.2,1239.78
1079,1,70,2,659.99,0.07,1319.91
1080,1,31,1,1632.99,0.2,1632.79
1080,2,40,1,4999.99,0.1,4999.89
1080,3,50,1,5999.99,0.05,5999.94
1080,4,32,2,469.99,0.2,939.78
1080,5,86,1,149.99,0.05,149.94
1081,1,52,2,875.99,0.1,1751.88
1082,1,29,2,999.99,0.2,1999.78
1083,1,65,2,346.99,0.2,693.78
1083,2,77,2,799.99,0.1,1599.88
1083,3,61,1,4999.99,0.07,4999.92
1083,4,33,1,469.99,0.2,469.79
1084,1,30,1,999.99,0.05,999.94
1084,2,70,1,659.99,0.05,659.94
1084,3,98,2,489.99,0.2,979.78
1084,4,65,2,346.99,0.07,693.91
1084,5,60,1,1559.99,0.1,1559.89
1085,1,66,2,250.99,0.2,501.78
1085,2,64,1,489.99,0.1,489.89
1085,3,74,1,439.99,0.1,439.89
1086,1,108,1,449.99,0.07,449.92
1086,2,67,1,250.99,0.1,250.89
1086,3,81,2,1099.99,0.05,2199.93
1086,4,10,2,1549.0,0.07,3097.93
1086,5,5,1,1320.99,0.2,1320.79
1087,1,15,1,529.99,0.07,529.92
1087,2,102,2,489.99,0.07,979.91
1087,3,59,2,2599.99,0.1,5199.88
1087,4,13,2,269.99,0.07,539.91
1087,5,109,2,416.99,0.2,833.78
1088,1,64,1,489.99,0.1,489.89
1088,2,30,1,999.99,0.1,999.89
1088,3,33,1,469.99,0.07,469.92
1088,4,36,2,832.99,0.2,1665.78
1089,1,70,2,659.99,0.07,1319.91
1089,2,30,2,999.99,0.05,1999.93
1090,1,74,1,439.99,0.2,439.79
1091,1,97,1,349.99,0.05,349.94
1091,2,56,1,5499.99,0.1,5499.89
1091,3,19,1,449.0,0.1,448.9
1092,1,34,1,469.99,0.05,469.94
1092,2,30,2,999.99,0.07,1999.91
1092,3,2,2,749.99,0.1,1499.88
1092,4,18,1,449.0,0.2,448.8
1093,1,45,2,869.99,0.07,1739.91
1093,2,17,2,429.0,0.1,857.9
1093,3,90,2,209.99,0.1,419.88
1094,1,71,1,416.99,0.1,416.89
1094,2,11,1,1680.99,0.1,1680.89
1094,3,24,1,549.99,0.1,549.89
1094,4,107,1,416.99,0.2,416.79
1095,1,78,2,647.99,0.05,1295.93
1095,2,3,2,999.99,0.2,1999.78
1095,3,15,2,529.99,0.1,1059.88
1095,4,31,1,1632.99,0.2,1632.79
1095,5,50,2,5999.99,0.05,11999.93
1096,1,11,1,1680.99,0.1,1680.89
1097,1,99,1,299.99,0.05,299.94
1097,2,106,2,449.99,0.07,899.91
1097,3,98,2,489.99,0.07,979.91
1097,4,19,1,449.0,0.2,448.8
1097,5,35,2,832.99,0.05,1665.93
1098,1,88,1,189.99,0.1,189.89
1099,1,64,1,489.99,0.1,489.89
1099,2,13,2,269.99,0.05,539.93
1099,3,46,1,1409.99,0.07,1409.92
1099,4,89,2,209.99,0.1,419.88
1100,1,12,1,549.99,0.05,549.94
1100,2,9,2,2999.99,0.1,5999.88
1101,1,105,1,533.99,0.07,533.92
1101,2,51,1,6499.99,0.05,6499.94
1102,1,91,1,349.99,0.07,349.92
1103,1,106,1,449.99,0.2,449.79
1103,2,46,2,1409.99,0.2,2819.78
1104,1,17,1,429.0,0.1,428.9
1104,2,70,2,659.99,0.1,1319.88
1104,3,43,1,5299.99,0.07,5299.92
1104,4,80,1,761.99,0.07,761.92
1105,1,60,1,1559.99,0.05,1559.94
1105,2,56,2,5499.99,0.2,10999.78
1105,3,35,2,832.99,0.07,1665.91
1106,1,96,1,349.99,0.1,349.89
1107,1,43,1,5299.99,0.2,5299.79
1107,2,41,2,1469.99,0.2,2939.78
1108,1,45,2,869.99,0.05,1739.93
1108,2,100,1,489.99,0.07,489.92
1108,3,105,1,533.99,0.07,533.92
1109,1,72,2,619.99,0.1,1239.88
1110,1,56,1,5499.99,0.1,5499.89
1111,1,95,1,299.99,0.05,299.94
1111,2,66,2,250.99,0.1,501.88
1111,3,14,1,269.99,0.2,269.79
1111,4,24,1,549.99,0.07,549.92
1112,1,71,2,416.99,0.05,833.93
1112,2,42,1,2299.99,0.07,2299.92
1112,3,5,2,1320.99,0.1,2641.88
1112,4,87,2,189.99,0.07,379.91
1112,5,9,2,2999.99,0.1,5999.88
1113,1,106,1,449.99,0.07,449.92
1114,1,52,1,875.99,0.2,875.79
1115,1,97,2,349.99,0.2,699.78
1115,2,50,2,5999.99,0.07,11999.91
1115,3,91,2,349.99,0.07,699.91
1115,4,49,2,3499.99,0.1,6999.88
1116,1,11,2,1680.99,0.07,3361.91
1117,1,37,2,379.99,0.1,759.88
1117,2,91,1,349.99,0.2,349.79
1117,3,51,2,6499.99,0.1,12999.88
1118,1,55,2,2699.99,0.2,5399.78
1118,2,50,1,5999.99,0.07,5999.92
1118,3,29,1,999.99,0.05,999.94
1118,4,47,2,5299.99,0.2,10599.78
1119,1,93,2,209.99,0.1,419.88
1119,2,55,2,2699.99,0.05,5399.93
1119,3,104,1,481.99,0.2,481.79
1120,1,92,2,209.99,0.07,419.91
1120,2,31,1,1632.99,0.07,1632.92
1120,3,30,2,999.99,0.05,1999.93
1120,4,93,1,209.99,0.07,209.92
1120,5,94,1,249.99,0.2,249.79
1121,1,11,2,1680.99,0.1,3361.88
1121,2,110,2,470.99,0.05,941.93
1122,1,9,2,2999.99,0.07,5999.91
1122,2,53,1,749.99,0.1,749.89
1122,3,49,2,3499.99,0.2,6999.78
1122,4,41,2,1469.99,0.05,2939.93
1122,5,72,1,619.99,0.1,619.89
1123,1,65,2,346.99,0.07,693.91
1123,2,61,2,4999.99,0.1,9999.88
1124,1,7,2,3999.99,0.1,7999.88
1124,2,6,1,469.99,0.1,469.89
1124,3,109,2,416.99,0.07,833.91
1124,4,45,2,869.99,0.05,1739.93
1124,5,2,2,749.99,0.05,1499.93
1125,1,16,2,599.99,0.05,1199.93
1125,2,21,1,269.99,0.1,269.89
1125,3,81,2,1099.99,0.07,2199.91
1125,4,24,1,549.99,0.07,549.92
1125,5,32,2,469.99,0.07,939.91
1126,1,33,2,469.99,0.1,939.88
1126,2,58,1,4999.99,0.2,4999.79
1126,3,89,2,209.99,0.05,419.93
1127,1,23,2,299.99,0.1,599.88
1127,2,96,2,349.99,0.07,699.91
1127,3,37,1,379.99,0.2,379.79
1128,1,44,1,539.99,0.05,539.94
1128,2,10,1,1549.0,0.2,1548.8
1128,3,65,2,346.99,0.05,693.93
1129,1,71,2,416.99,0.2,833.78
1129,2,56,1,5499.99,0.2,5499.79
1129,3,61,2,4999.99,0.05,9999.93
1130,1,54,2,3199.99,0.2,6399.78
1131,1,60,2,1559.99,0.07,3119.91
1131,2,103,2,551.99,0.05,1103.93
1132,1,43,1,5299.99,0.05,5299.94
1132,2,10,1,1549.0,0.1,1548.9
1132,3,36,2,832.99,0.1,1665.88
1132,4,16,1,599.99,0.05,599.94
1133,1,4,2,2899.99,0.05,5799.93
1133,2,17,1,429.0,0.07,428.93
1133,3,90,2,209.99,0.2,419.78
1133,4,62,1,3499.99,0.2,3499.79
1134,1,97,1,349.99,0.1,349.89
1134,2,36,1,832.99,0.1,832.89
1135,1,101,2,339.99,0.05,679.93
1135,2,51,1,6499.99,0.1,6499.89
1136,1,105,1,533.99,0.1,533.89
1137,1,28,1,2499.99,0.2,2499.79
1137,2,58,2,4999.99,0.2,9999.78
1137,3,84,2,109.99,0.2,219.78
1137,4,69,2,416.99,0.07,833.91
1138,1,13,2,269.99,0.05,539.93
1138,2,105,2,533.99,0.05,1067.93
1138,3,93,1,209.99,0.1,209.89
1139,1,106,2,449.99,0.05,899.93
1139,2,44,2,539.99,0.1,1079.88
1139,3,69,1,416.99,0.05,416.94
1139,4,25,2,499.99,0.1,999.88
1139,5,7,1,3999.99,0.1,3999.89
1140,1,39,2,1499.99,0.1,2999.88
1140,2,71,2,416.99,0.07,833.91
1140,3,38,2,549.99,0.1,1099.88
1140,4,40,2,4999.99,0.07,9999.91
1141,1,8,1,1799.99,0.1,1799.89
1142,1,20,2,599.99,0.07,1199.91
1142,2,30,1,999.99,0.1,999.89
1142,3,109,2,416.99,0.05,833.93
1142,4,108,2,449.99,0.2,899.78
1142,5,100,2,489.99,0.05,979.93
1143,1,99,1,299.99,0.2,299.79
1143,2,48,1,1499.99,0.2,1499.79
1143,3,69,2,416.99,0.1,833.88
1144,1,88,1,189.99,0.07,189.92
1145,1,105,2,533.99,0.07,1067.91
1146,1,36,1,832.99,0.07,832.92
1146,2,64,1,489.99,0.2,489.79
1146,3,11,1,1680.99,0.2,1680.79
1147,1,82,1,659.99,0.2,659.79
1147,2,39,2,1499.99,0.05,2999.93
1148,1,82,1,659.99,0.07,659.92
1148,2,22,1,269.99,0.07,269.92
1148,3,77,2,799.99,0.05,1599.93
1148,4,94,2,249.99,0.1,499.88
1149,1,98,2,489.99,0.07,979.91
1149,2,48,1,1499.99,0.05,1499.94
1149,3,58,1,4999.99,0.05,4999.94
1149,4,85,1,329.99,0.2,329.79
1149,5,94,1,249.99,0.1,249.89
1150,1,29,1,999.99,0.05,999.94
1150,2,91,1,349.99,0.05,349.94
1150,3,104,2,481.99,0.07,963.91
1150,4,21,2,269.99,0.1,539.88
1151,1,30,2,999.99,0.05,1999.93
1152,1,58,1,4999.99,0.07,4999.92
1152,2,91,2,349.99,0.2,699.78
1152,3,24,1,549.99,0.05,549.94
1153,1,103,1,551.99,0.1,551.89
1153,2,6,2,469.99,0.05,939.93
1154,1,17,1,429.0,0.2,428.8
1154,2,60,1,1559.99,0.07,1559.92
1154,3,67,2,250.99,0.2,501.78
1155,1,68,2,449.99,0.05,899.93
1155,2,6,2,469.99,0.1,939.88
1155,3,35,1,832.99,0.07,832.92
1155,4,77,2,799.99,0.05,1599.93
1156,1,111,2,470.99,0.05,941.93
1156,2,86,1,149.99,0.05,149.94
1157,1,20,1,599.99,0.1,599.89
1157,2,31,2,1632.99,0.1,3265.88
1157,3,37,2,379.99,0.2,759.78
1157,4,41,1,1469.99,0.07,1469.92
1158,1,95,2,299.99,0.1,599.88
1158,2,74,1,439.99,0.07,439.92
1159,1,12,2,549.99,0.1,1099.88
1160,1,41,1,1469.99,0.1,1469.89
1160,2,9,1,2999.99,0.2,2999.79
1161,1,71,2,416.99,0.1,833.88
1161,2,38,1,549.99,0.07,549.92
1161,3,22,1,269.99,0.2,269.79
1161,4,29,2,999.99,0.1,1999.88
1162,1,88,1,189.99,0.2,189.79
1162,2,40,2,4999.99,0.2,9999.78
1162,3,86,1,149.99,0.1,149.89
1162,4,41,1,1469.99,0.05,1469.94
1162,5,12,2,549.99,0.05,1099.93
1163,1,63,2,3499.99,0.05,6999.93
1163,2,53,2,749.99,0.1,1499.88
1164,1,8,1,1799.99,0.2,1799.79
1164,2,78,1,647.99,0.05,647.94
1164,3,103,2,551.99,0.05,1103.93
1164,4,44,2,539.99,0.05,1079.93
1165,1,65,2,346.99,0.07,693.91
1165,2,68,1,449.99,0.07,449.92
1166,1,103,2,551.99,0.07,1103.91
1167,1,29,2,999.99,0.05,1999.93
1167,2,81,2,1099.99,0.1,2199.88
1167,3,68,1,449.99,0.07,449.92
1168,1,23,2,299.99,0.1,599.88
1168,2,82,1,659.99,0.2,659.79
1168,3,51,1,6499.99,0.07,6499.92
1168,4,107,2,416.99,0.2,833.78
1168,5,15,2,529.99,0.05,1059.93
1169,1,91,2,349.99,0.2,699.78
1169,2,51,1,6499.99,0.05,6499.94
1169,3,58,2,4999.99,0.1,9999.88
1169,4,81,2,1099.99,0.2,2199.78
1170,1,15,1,529.99,0.1,529.89
1170,2,47,2,5299.99,0.05,10599.93
1170,3,62,2,3499.99,0.1,6999.88
1171,1,94,2,249.99,0.2,499.78
1171,2,92,2,209.99,0.07,419.91
1171,3,10,2,1549.0,0.07,3097.93
1172,1,78,2,647.99,0.07,1295.91
1172,2,104,1,481.99,0.2,481.79
1173,1,95,1,299.99,0.2,299.79
1173,2,17,1,429.0,0.07,428.93
1173,3,68,1,449.99,0.05,449.94
1173,4,103,2,551.99,0.2,1103.78
1174,1,110,2,470.99,0.2,941.78
1174,2,6,1,469.99,0.07,469.92
1174,3,106,1,449.99,0.1,449.89
1175,1,58,2,4999.99,0.07,9999.91
1175,2,65,1,346.99,0.2,346.79
1175,3,20,1,599.99,0.05,599.94
1175,4,3,1,999.99,0.05,999.94
1175,5,9,1,2999.99,0.05,2999.94
1176,1,87,1,189.99,0.1,189.89
1177,1,62,2,3499.99,0.07,6999.91
1177,2,74,1,439.99,0.1,439.89
1178,1,46,1,1409.99,0.07,1409.92
1178,2,77,1,799.99,0.2,799.79
1178,3,108,1,449.99,0.05,449.94
1178,4,13,2,269.99,0.05,539.93
1179,1,93,2,209.99,0.05,419.93
1179,2,88,2,189.99,0.05,379.93
1179,3,33,2,469.99,0.2,939.78
1179,4,50,1,5999.99,0.07,5999.92
1180,1,66,2,250.99,0.07,501.91
1181,1,98,1,489.99,0.1,489.89
1182,1,35,1,832.99,0.1,832.89
1182,2,49,2,3499.99,0.1,6999.88
1183,1,63,1,3499.99,0.2,3499.79
1183,2,80,2,761.99,0.2,1523.78
1183,3,6,2,469.99,0.05,939.93
1184,1,16,2,599.99,0.05,1199.93
1184,2,71,1,416.99,0.05,416.94
1185,1,19,2,449.0,0.07,897.93
1185,2,21,1,269.99,0.07,269.92
1185,3,63,2,3499.99,0.1,6999.88
1185,4,80,1,761.99,0.2,761.79
1186,1,48,2,1499.99,0.1,2999.88
1186,2,49,1,3499.99,0.07,3499.92
1186,3,106,1,449.99,0.1,449.89
1186,4,27,1,999.99,0.2,999.79
1187,1,36,2,832.99,0.1,1665.88
1187,2,79,1,402.99,0.07,402.92
1187,3,4,1,2899.99,0.1,2899.89
1187,4,53,2,749.99,0.1,1499.88
1188,1,66,2,250.99,0.1,501.88
1188,2,91,2,349.99,0.2,699.78
1188,3,87,2,189.99,0.1,379.88
1189,1,55,1,2699.99,0.07,2699.92
1189,2,102,2,489.99,0.1,979.88
1189,3,40,2,4999.99,0.1,9999.88
1190,1,71,1,416.99,0.07,416.92
1191,1,40,2,4999.99,0.1,9999.88
1191,2,89,2,209.99,0.1,419.88
1191,3,100,1,489.99,0.07,489.92
1192,1,24,2,549.99,0.1,1099.88
1192,2,88,2,189.99,0.07,379.91
1192,3,37,2,379.99,0.2,759.78
1193,1,83,2,149.99,0.05,299.93
1193,2,27,1,999.99,0.05,999.94
1194,1,71,1,416.99,0.05,416.94
1194,2,7,2,3999.99,0.07,7999.91
1194,3,105,2,533.99,0.1,1067.88
1194,4,84,1,109.99,0.05,109.94
1195,1,52,1,875.99,0.07,875.92
1196,1,53,1,749.99,0.07,749.92
1197,1,13,1,269.99,0.07,269.92
1197,2,108,2,449.99,0.05,899.93
1197,3,9,2,2999.99,0.05,5999.93
1197,4,106,2,449.99,0.2,899.78
1198,1,105,1,533.99,0.05,533.94
1199,1,32,1,469.99,0.05,469.94
1199,2,94,2,249.99,0.07,499.91
1199,3,109,2,416.99,0.1,833.88
1200,1,42,2,2299.99,0.2,4599.78
1201,1,95,1,299.99,0.07,299.92
1201,2,13,1,269.99,0.05,269.94
1201,3,26,1,599.99,0.2,599.79
1201,4,17,2,429.0,0.05,857.95
1201,5,19,2,449.0,0.2,897.8
1202,1,84,2,109.99,0.05,219.93
1203,1,6,2,469.99,0.07,939.91
1203,2,55,1,2699.99,0.05,2699.94
1204,1,37,2,379.99,0.07,759.91
1205,1,105,2,533.99,0.2,1067.78
1205,2,46,2,1409.99,0.2,2819.78
1205,3,71,1,416.99,0.05,416.94
1205,4,79,2,402.99,0.07,805.91
1205,5,92,1,209.99,0.1,209.89
1206,1,73,1,749.99,0.07,749.92
1206,2,29,1,999.99,0.2,999.79
1207,1,104,1,481.99,0.05,481.94
1207,2,103,1,551.99,0.1,551.89
1207,3,23,1,299.99,0.07,299.92
1208,1,12,1,549.99,0.2,549.79
1208,2,65,2,346.99,0.07,693.91
1208,3,86,2,149.99,0.2,299.78
1208,4,13,2,269.99,0.1,539.88
1208,5,87,1,189.99,0.07,189.92
1209,1,89,1,209.99,0.07,209.92
1209,2,97,1,349.99,0.05,349.94
1210,1,26,1,599.99,0.1,599.89
1210,2,6,2,469.99,0.07,939.91
1210,3,78,2,647.99,0.05,1295.93
1210,4,84,1,109.99,0.1,109.89
1210,5,35,2,832.99,0.05,1665.93
1211,1,15,2,529.99,0.2,1059.78
1211,2,59,1,2599.99,0.05,2599.94
1211,3,92,1,209.99,0.2,209.79
1211,4,93,1,209.99,0.1,209.89
1211,5,108,2,449.99,0.2,899.78
1212,1,74,1,439.99,0.1,439.89
1212,2,37,2,379.99,0.07,759.91
1212,3,39,2,1499.99,0.05,2999.93
1212,4,68,2,449.99,0.07,899.91
1213,1,64,2,489.99,0.07,979.91
1213,2,78,1,647.99,0.07,647.92
1213,3,102,2,489.99,0.1,979.88
1213,4,15,1,529.99,0.05,529.94
1214,1,9,2,2999.99,0.05,5999.93
1214,2,7,1,3999.99,0.2,3999.79
1214,3,22,1,269.99,0.05,269.94
1214,4,77,2,799.99,0.1,1599.88
1214,5,67,2,250.99,0.2,501.78
1215,1,73,2,749.99,0.1,1499.88
1215,2,10,2,1549.0,0.07,3097.93
1216,1,64,2,489.99,0.1,979.88
1216,2,54,1,3199.99,0.05,3199.94
1216,3,19,1,449.0,0.2,448.8
1216,4,110,2,470.99,0.07,941.91
1216,5,43,1,5299.99,0.1,5299.89
1217,1,73,1,749.99,0.05,749.94
1217,2,106,2,449.99,0.05,899.93
1218,1,32,1,469.99,0.07,469.92
1218,2,102,2,489.99,0.05,979.93
1219,1,17,2,429.0,0.07,857.93
1219,2,62,2,3499.99,0.1,6999.88
1219,3,40,2,4999.99,0.2,9999.78
1220,1,47,2,5299.99,0.1,10599.88
1220,2,49,1,3499.99,0.2,3499.79
1220,3,85,2,329.99,0.2,659.78
1221,1,100,1,489.99,0.05,489.94
1221,2,81,2,1099.99,0.05,2199.93
1221,3,42,2,2299.99,0.1,4599.88
1221,4,38,2,549.99,0.1,1099.88
1221,5,97,2,349.99,0.07,699.91
1222,1,97,1,349.99,0.2,349.79
1223,1,103,1,551.99,0.05,551.94
1224,1,62,1,3499.99,0.07,3499.92
1224,2,51,1,6499.99,0.1,6499.89
1224,3,108,1,449.99,0.05,449.94
1224,4,32,1,469.99,0.2,469.79
1225,1,81,1,1099.99,0.1,1099.89
1225,2,59,2,2599.99,0.1,5199.88
1225,3,6,2,469.99,0.1,939.88
1226,1,77,2,799.99,0.05,1599.93
1226,2,101,1,339.99,0.2,339.79
1226,3,11,2,1680.99,0.07,3361.91
1226,4,51,1,6499.99,0.07,6499.92
1226,5,42,1,2299.99,0.1,2299.89
1227,1,90,2,209.99,0.2,419.78
1227,2,44,1,539.99,0.07,539.92
1227,3,26,1,599.99,0.05,599.94
1227,4,8,1,1799.99,0.07,1799.92
1227,5,42,2,2299.99,0.2,4599.78
1228,1,92,1,209.99,0.2,209.79
1228,2,55,2,2699.99,0.2,5399.78
1228,3,20,2,599.99,0.05,1199.93
1229,1,36,2,832.99,0.07,1665.91
1229,2,61,2,4999.99,0.1,9999.88
1230,1,32,2,469.99,0.1,939.88
1230,2,38,2,549.99,0.07,1099.91
1231,1,75,2,599.99,0.05,1199.93
1231,2,70,1,659.99,0.07,659.92
1232,1,4,2,2899.99,0.07,5799.91
1232,2,110,2,470.99,0.05,941.93
1232,3,6,2,469.99,0.2,939.78
1233,1,87,2,189.99,0.2,379.78
1233,2,61,2,4999.99,0.1,9999.88
1233,3,55,1,2699.99,0.2,2699.79
1234,1,56,2,5499.99,0.07,10999.91
1234,2,71,2,416.99,0.07,833.91
1235,1,7,1,3999.99,0.1,3999.89
1236,1,60,1,1559.99,0.07,1559.92
1236,2,32,2,469.99,0.05,939.93
1236,3,91,1,349.99,0.1,349.89
1237,1,23,1,299.99,0.1,299.89
1237,2,87,2,189.99,0.1,379.88
1237,3,95,2,299.99,0.2,599.78
1237,4,55,2,2699.99,0.07,5399.91
1237,5,25,1,499.99,0.07,499.92
1238,1,40,1,4999.99,0.1,4999.89
1238,2,14,1,269.99,0.1,269.89
1238,3,99,2,299.99,0.2,599.78
1238,4,101,1,339.99,0.1,339.89
1239,1,15,2,529.99,0.2,1059.78
1239,2,91,1,349.99,0.1,349.89
1239,3,34,2,469.99,0.1,939.88
1239,4,36,1,832.99,0.05,832.94
1240,1,107,2,416.99,0.1,833.88
1240,2,23,2,299.99,0.05,599.93
1240,3,15,2,529.99,0.2,1059.78
1240,4,77,2,799.99,0.05,1599.93
1240,5,57,1,1999.99,0.05,1999.94
1241,1,74,1,439.99,0.05,439.94
1241,2,71,2,416.99,0.05,833.93
1242,1,94,1,249.99,0.05,249.94
1242,2,27,1,999.99,0.07,999.92
1242,3,10,1,1549.0,0.07,1548.93
1242,4,70,1,659.99,0.2,659.79
1243,1,44,1,539.99,0.07,539.92
1244,1,45,1,869.99,0.2,869.79
1244,2,38,2,549.99,0.07,1099.91
1244,3,33,1,469.99,0.07,469.92
1244,4,37,2,379.99,0.1,759.88
1245,1,13,1,269.99,0.1,269.89
1246,1,78,2,647.99,0.2,1295.78
1246,2,46,1,1409.99,0.05,1409.94
1246,3,45,2,869.99,0.07,1739.91
1247,1,15,2,529.99,0.1,1059.88
1247,2,28,2,2499.99,0.1,4999.88
1247,3,26,1,599.99,0.05,599.94
1248,1,94,2,249.99,0.05,499.93
1248,2,33,2,469.99,0.1,939.88
1248,3,92,1,209.99,0.1,209.89
1248,4,12,1,549.99,0.05,549.94
1249,1,62,1,3499.99,0.05,3499.94
1249,2,104,1,481.99,0.05,481.94
1249,3,61,1,4999.99,0.2,4999.79
1250,1,78,2,647.99,0.05,1295.93
1250,2,66,2,250.99,0.1,501.88
1250,3,20,2,599.99,0.05,1199.93
1250,4,6,2,469.99,0.1,939.88
1251,1,40,2,4999.99,0.1,9999.88
1251,2,56,1,5499.99,0.07,5499.92
1251,3,7,1,3999.99,0.07,3999.92
1252,1,79,1,402.99,0.2,402.79
1252,2,84,1,109.99,0.2,109.79
1252,3,57,2,1999.99,0.05,3999.93
1253,1,25,2,499.99,0.1,999.88
1253,2,21,1,269.99,0.07,269.92
1253,3,88,1,189.99,0.2,189.79
1254,1,80,1,761.99,0.2,761.79
1254,2,91,1,349.99,0.2,349.79
1255,1,43,2,5299.99,0.2,10599.78
1255,2,53,1,749.99,0.05,749.94
1255,3,14,2,269.99,0.2,539.78
1255,4,26,2,599.99,0.05,1199.93
1255,5,82,1,659.99,0.05,659.94
1256,1,44,2,539.99,0.2,1079.78
1256,2,100,1,489.99,0.1,489.89
1257,1,30,2,999.99,0.05,1999.93
1257,2,61,1,4999.99,0.05,4999.94
1257,3,17,2,429.0,0.1,857.9
1257,4,41,1,1469.99,0.05,1469.94
1257,5,4,1,2899.99,0.1,2899.89
1258,1,94,2,249.99,0.1,499.88
1258,2,99,2,299.99,0.05,599.93
1259,1,60,1,1559.99,0.1,1559.89
1259,2,19,1,449.0,0.2,448.8
1260,1,8,1,1799.99,0.1,1799.89
1260,2,66,1,250.99,0.1,250.89
1261,1,73,1,749.99,0.2,749.79
1261,2,88,2,189.99,0.2,379.78
1261,3,100,1,489.99,0.05,489.94
1261,4,42,1,2299.99,0.1,2299.89
1262,1,37,1,379.99,0.07,379.92
1262,2,52,1,875.99,0.05,875.94
1262,3,43,2,5299.99,0.07,10599.91
1262,4,77,1,799.99,0.07,799.92
1263,1,45,1,869.99,0.2,869.79
1263,2,62,1,3499.99,0.05,3499.94
1263,3,19,2,449.0,0.1,897.9
1264,1,101,1,339.99,0.07,339.92
1264,2,77,2,799.99,0.07,1599.91
1264,3,29,2,999.99,0.2,1999.78
1264,4,52,1,875.99,0.05,875.94
1265,1,41,2,1469.99,0.1,2939.88
1265,2,72,2,619.99,0.07,1239.91
1266,1,90,1,209.99,0.2,209.79
1266,2,48,1,1499.99,0.2,1499.79
1267,1,45,1,869.99,0.1,869.89
1267,2,27,1,999.99,0.07,999.92
1267,3,108,1,449.99,0.2,449.79
1267,4,95,1,299.99,0.05,299.94
1268,1,68,2,449.99,0.07,899.91
1268,2,87,2,189.99,0.07,379.91
1268,3,59,2,2599.99,0.2,5199.78
1268,4,100,1,489.99,0.07,489.92
1269,1,4,2,2899.99,0.2,5799.78
1269,2,7,1,3999.99,0.2,3999.79
1269,3,111,1,470.99,0.1,470.89
1270,1,54,1,3199.99,0.2,3199.79
1271,1,25,2,499.99,0.1,999.88
1271,2,50,2,5999.99,0.07,11999.91
1271,3,87,2,189.99,0.07,379.91
1271,4,32,2,469.99,0.07,939.91
1272,1,16,2,599.99,0.2,1199.78
1272,2,71,2,416.99,0.1,833.88
1272,3,86,1,149.99,0.07,149.92
1273,1,95,2,299.99,0.07,599.91
1273,2,20,1,599.99,0.07,599.92
1273,3,58,1,4999.99,0.2,4999.79
1274,1,81,1,1099.99,0.1,1099.89
1275,1,58,1,4999.99,0.07,4999.92
1275,2,30,1,999.99,0.1,999.89
1276,1,18,2,449.0,0.2,897.8
1276,2,58,1,4999.99,0.2,4999.79
1276,3,42,1,2299.99,0.05,2299.94
1276,4,24,2,549.99,0.2,1099.78
1276,5,78,2,647.99,0.2,1295.78
1277,1,56,2,5499.99,0.2,10999.78
1277,2,93,2,209.99,0.05,419.93
1277,3,9,2,2999.99,0.1,5999.88
1277,4,4,1,2899.99,0.1,2899.89
1277,5,11,1,1680.99,0.2,1680.79
1278,1,103,2,551.99,0.1,1103.88
1278,2,32,1,469.99,0.1,469.89
1279,1,9,2,2999.99,0.05,5999.93
1280,1,72,2,619.99,0.07,1239.91
1280,2,74,1,439.99,0.05,439.94
1280,3,52,1,875.99,0.07,875.92
1280,4,63,1,3499.99,0.2,3499.79
1281,1,36,1,832.99,0.05,832.94
1281,2,49,2,3499.99,0.05,6999.93
1281,3,75,1,599.99,0.05,599.94
1282,1,111,1,470.99,0.05,470.94
1282,2,50,2,5999.99,0.2,11999.78
1283,1,61,2,4999.99,0.05,9999.93
1283,2,81,1,1099.99,0.2,1099.79
1283,3,7,1,3999.99,0.1,3999.89
1283,4,32,1,469.99,0.1,469.89
1283,5,11,1,1680.99,0.2,1680.79
1284,1,101,1,339.99,0.07,339.92
1284,2,8,1,1799.99,0.05,1799.94
1284,3,4,2,2899.99,0.05,5799.93
1285,1,78,2,647.99,0.07,1295.91
1285,2,93,1,209.99,0.1,209.89
1285,3,69,2,416.99,0.2,833.78
1285,4,6,1,469.99,0.1,469.89
1286,1,109,2,416.99,0.2,833.78
1286,2,81,2,1099.99,0.07,2199.91
1286,3,87,1,189.99,0.07,189.92
1287,1,27,2,999.99,0.2,1999.78
1287,2,62,2,3499.99,0.1,6999.88
1287,3,103,1,551.99,0.1,551.89
1287,4,100,2,489.99,0.05,979.93
1288,1,73,1,749.99,0.2,749.79
1288,2,64,2,489.99,0.2,979.78
1288,3,62,2,3499.99,0.1,6999.88
1288,4,17,2,429.0,0.07,857.93
1289,1,89,1,209.99,0.05,209.94
1289,2,3,1,999.99,0.1,999.89
1290,1,75,2,599.99,0.05,1199.93
1290,2,36,1,832.99,0.05,832.94
1290,3,92,2,209.99,0.1,419.88
1291,1,57,1,1999.99,0.1,1999.89
1291,2,58,2,4999.99,0.05,9999.93
1292,1,70,1,659.99,0.07,659.92
1293,1,88,2,189.99,0.1,379.88
1293,2,74,2,439.99,0.05,879.93
1293,3,38,2,549.99,0.07,1099.91
1294,1,95,2,299.99,0.05,599.93
1294,2,44,1,539.99,0.05,539.94
1295,1,5,2,1320.99,0.2,2641.78
1295,2,61,1,4999.99,0.2,4999.79
1295,3,52,1,875.99,0.05,875.94
1296,1,25,2,499.99,0.05,999.93
1296,2,90,1,209.99,0.1,209.89
1296,3,16,1,599.99,0.05,599.94
1296,4,2,2,749.99,0.1,1499.88
1297,1,104,2,481.99,0.07,963.91
1297,2,43,1,5299.99,0.05,5299.94
1297,3,51,2,6499.99,0.05,12999.93
1298,1,59,1,2599.99,0.05,2599.94
1298,2,110,2,470.99,0.07,941.91
1299,1,14,2,269.99,0.1,539.88
1299,2,101,1,339.99,0.05,339.94
1299,3,75,1,599.99,0.05,599.94
1299,4,52,2,875.99,0.2,1751.78
1300,1,101,2,339.99,0.07,679.91
1300,2,58,2,4999.99,0.05,9999.93
1301,1,45,2,869.99,0.2,1739.78
1301,2,105,2,533.99,0.1,1067.88
1301,3,8,1,1799.99,0.2,1799.79
1302,1,38,1,549.99,0.05,549.94
1302,2,20,2,599.99,0.1,1199.88
1302,3,56,2,5499.99,0.07,10999.91
1303,1,96,1,349.99,0.1,349.89
1303,2,63,2,3499.99,0.2,6999.78
1303,3,108,1,449.99,0.1,449.89
1303,4,73,1,749.99,0.1,749.89
1303,5,24,2,549.99,0.1,1099.88
1304,1,80,1,761.99,0.05,761.94
1304,2,99,2,299.99,0.05,599.93
1304,3,102,1,489.99,0.2,489.79
1304,4,17,1,429.0,0.05,428.95
1305,1,85,1,329.99,0.2,329.79
1305,2,9,1,2999.99,0.07,2999.92
1305,3,11,1,1680.99,0.05,1680.94
1305,4,91,2,349.99,0.05,699.93
1306,1,103,2,551.99,0.05,1103.93
1306,2,81,2,1099.99,0.07,2199.91
1306,3,45,1,869.99,0.2,869.79
1306,4,42,1,2299.99,0.2,2299.79
1306,5,9,2,2999.99,0.07,5999.91
1307,1,96,2,349.99,0.07,699.91
1307,2,53,2,749.99,0.2,1499.78
1307,3,69,2,416.99,0.2,833.78
1308,1,54,1,3199.99,0.05,3199.94
1308,2,69,1,416.99,0.2,416.79
1308,3,14,2,269.99,0.07,539.91
1308,4,56,1,5499.99,0.2,5499.79
1308,5,32,1,469.99,0.07,469.92
1309,1,65,1,346.99,0.05,346.94
1309,2,87,2,189.99,0.2,379.78
1310,1,59,1,2599.99,0.2,2599.79
1310,2,77,2,799.99,0.2,1599.78
1310,3,11,2,1680.99,0.1,3361.88
1310,4,54,1,3199.99,0.2,3199.79
1311,1,69,1,416.99,0.1,416.89
1311,2,45,2,869.99,0.07,1739.91
1311,3,27,2,999.99,0.1,1999.88
1311,4,42,1,2299.99,0.1,2299.89
1312,1,67,2,250.99,0.05,501.93
1312,2,14,1,269.99,0.2,269.79
1312,3,20,1,599.99,0.07,599.92
1313,1,75,1,599.99,0.2,599.79
1313,2,33,1,469.99,0.2,469.79
1313,3,69,1,416.99,0.07,416.92
1314,1,52,1,875.99,0.07,875.92
1314,2,72,2,619.99,0.05,1239.93
1314,3,94,1,249.99,0.1,249.89
1315,1,104,2,481.99,0.07,963.91
1315,2,41,1,1469.99,0.05,1469.94
1315,3,24,1,549.99,0.1,549.89
1315,4,26,1,599.99,0.07,599.92
1315,5,16,2,599.99,0.2,1199.78
1316,1,76,2,299.99,0.1,599.88
1316,2,90,1,209.99,0.1,209.89
1317,1,82,1,659.99,0.1,659.89
1318,1,82,2,659.99,0.2,1319.78
1318,2,62,2,3499.99,0.2,6999.78
1318,3,111,1,470.99,0.2,470.79
1318,4,92,1,209.99,0.07,209.92
1319,1,75,1,599.99,0.07,599.92
1319,2,91,1,349.99,0.2,349.79
1320,1,104,1,481.99,0.1,481.89
1320,2,93,1,209.99,0.05,209.94
1320,3,99,2,299.99,0.2,599.78
1321,1,34,1,469.99,0.1,469.89
1321,2,107,1,416.99,0.1,416.89
1321,3,11,2,1680.99,0.1,3361.88
1322,1,28,2,2499.99,0.05,4999.93
1322,2,104,2,481.99,0.05,963.93
1323,1,27,2,999.99,0.07,1999.91
1323,2,20,1,599.99,0.05,599.94
1323,3,70,1,659.99,0.05,659.94
1324,1,66,1,250.99,0.1,250.89
1324,2,120,2,2499.99,0.2,4999.78
1324,3,235,1,899.99,0.1,899.89
1324,4,3,1,999.99,0.2,999.79
1325,1,139,1,2999.99,0.05,2999.94
1325,2,257,1,899.99,0.05,899.94
1325,3,209,1,2999.99,0.1,2999.89
1325,4,28,1,2499.99,0.07,2499.92
1326,1,190,2,2799.99,0.07,5599.91
1326,2,269,2,199.99,0.07,399.91
1327,1,151,2,1549.99,0.07,3099.91
1327,2,235,2,899.99,0.1,1799.88
1327,3,48,2,1499.99,0.1,2999.88
1327,4,180,1,919.99,0.2,919.79
1328,1,241,1,749.99,0.07,749.92
1328,2,129,2,919.99,0.1,1839.88
1328,3,228,1,319.99,0.07,319.92
1328,4,311,1,749.99,0.1,749.89
1328,5,247,1,599.99,0.1,599.89
1329,1,143,1,1099.99,0.07,1099.92
1329,2,107,1,416.99,0.05,416.94
1329,3,55,1,2699.99,0.07,2699.92
1329,4,283,2,319.99,0.2,639.78
1329,5,13,1,269.99,0.1,269.89
1330,1,232,1,479.99,0.2,479.79
1330,2,243,2,679.99,0.05,1359.93
1330,3,230,2,429.99,0.2,859.78
1330,4,102,2,489.99,0.05,979.93
1330,5,282,1,279.99,0.1,279.89
1331,1,253,1,2599.99,0.05,2599.94
1331,2,290,1,369.99,0.05,369.94
1331,3,145,2,1799.99,0.1,3599.88
1331,4,300,1,799.99,0.2,799.79
1332,1,296,1,369.99,0.2,369.79
1332,2,93,2,209.99,0.05,419.93
1332,3,179,2,919.99,0.07,1839.91
1332,4,298,1,279.99,0.1,279.89
1333,1,205,2,4999.99,0.05,9999.93
1333,2,304,2,679.99,0.1,1359.88
1333,3,99,2,299.99,0.1,599.88
1333,4,12,1,549.99,0.05,549.94
1333,5,78,1,647.99,0.1,647.89
1334,1,203,2,4999.99,0.05,9999.93
1334,2,160,2,4499.99,0.07,8999.91
1334,3,84,2,109.99,0.1,219.88
1334,4,13,1,269.99,0.05,269.94
1334,5,42,1,2299.99,0.05,2299.94
1335,1,138,2,2249.99,0.05,4499.93
1336,1,29,2,999.99,0.2,1999.78
1336,2,157,1,6499.99,0.05,6499.94
1336,3,21,2,269.99,0.07,539.91
1336,4,207,1,3999.99,0.1,3999.89
1336,5,185,1,2799.99,0.1,2799.89
1337,1,153,1,4999.99,0.1,4999.89
1338,1,169,2,6499.99,0.07,12999.91
1339,1,175,1,3199.99,0.07,3199.92
1340,1,253,1,2599.99,0.2,2599.79
1340,2,92,2,209.99,0.2,419.78
1340,3,237,2,849.99,0.05,1699.93
1341,1,215,2,749.99,0.07,1499.91
1341,2,56,2,5499.99,0.2,10999.78
1341,3,234,2,899.99,0.05,1799.93
1341,4,66,2,250.99,0.05,501.93
1342,1,60,1,1559.99,0.05,1559.94
1342,2,270,1,209.99,0.05,209.94
1343,1,244,1,559.99,0.05,559.94
1343,2,99,1,299.99,0.05,299.94
1343,3,184,2,3499.99,0.2,6999.78
1343,4,65,2,346.99,0.2,693.78
1343,5,206,1,3299.99,0.1,3299.89
1344,1,77,2,799.99,0.07,1599.91
1344,2,103,2,551.99,0.2,1103.78
1344,3,3,1,999.99,0.07,999.92
1344,4,61,1,4999.99,0.07,4999.92
1345,1,40,2,4999.99,0.2,9999.78
1345,2,172,2,3199.99,0.05,6399.93
1345,3,164,2,1549.0,0.2,3097.8
1345,4,2,2,749.99,0.2,1499.78
1346,1,134,2,1499.99,0.05,2999.93
1346,2,150,1,4499.99,0.05,4499.94
1346,3,18,2,449.0,0.05,897.95
1346,4,249,1,749.99,0.1,749.89
1346,5,263,2,89.99,0.2,179.78
1347,1,43,2,5299.99,0.07,10599.91
1347,2,53,1,749.99,0.05,749.94
1348,1,203,1,4999.99,0.05,4999.94
1348,2,148,1,5499.99,0.05,5499.94
1348,3,58,2,4999.99,0.1,9999.88
1348,4,147,1,1799.99,0.07,1799.92
1349,1,138,2,2249.99,0.05,4499.93
1349,2,205,2,4999.99,0.07,9999.91
1349,3,168,2,1549.0,0.2,3097.8
1349,4,184,1,3499.99,0.2,3499.79
1350,1,305,1,749.99,0.1,749.89
1350,2,250,1,2599.99,0.07,2599.92
1350,3,253,1,2599.99,0.07,2599.92
1350,4,159,1,2299.99,0.05,2299.94
1350,5,13,2,269.99,0.2,539.78
1351,1,297,2,279.99,0.2,559.78
1351,2,133,1,1499.99,0.1,1499.89
1352,1,136,1,1799.99,0.2,1799.79
1352,2,52,2,875.99,0.1,1751.88
1352,3,282,2,279.99,0.1,559.88
1352,4,86,2,149.99,0.2,299.78
1352,5,100,1,489.99,0.05,489.94
1353,1,107,2,416.99,0.05,833.93
1353,2,233,1,639.99,0.07,639.92
1353,3,300,1,799.99,0.2,799.79
1353,4,86,2,149.99,0.05,299.93
1354,1,166,2,749.99,0.07,1499.91
1355,1,297,1,279.99,0.1,279.89
1355,2,253,1,2599.99,0.07,2599.92
1355,3,149,1,7499.99,0.2,7499.79
1355,4,313,2,449.99,0.1,899.88
1356,1,192,1,2599.99,0.05,2599.94
1356,2,199,2,2999.99,0.1,5999.88
1356,3,276,2,319.99,0.1,639.88
1357,1,145,2,1799.99,0.2,3599.78
1357,2,60,1,1559.99,0.2,1559.79
1357,3,130,1,919.99,0.2,919.79
1358,1,257,2,899.99,0.2,1799.78
1359,1,282,1,279.99,0.05,279.94
1359,2,82,1,659.99,0.05,659.94
1360,1,31,1,1632.99,0.05,1632.94
1361,1,307,2,749.99,0.07,1499.91
1361,2,153,1,4999.99,0.05,4999.94
1361,3,163,2,1349.0,0.2,2697.8
1362,1,27,2,999.99,0.2,1999.78
1362,2,204,2,3599.99,0.07,7199.91
1362,3,4,2,2899.99,0.2,5799.78
1363,1,66,2,250.99,0.1,501.88
1364,1,78,1,647.99,0.07,647.92
1364,2,155,2,11999.99,0.1,23999.88
1364,3,152,1,2499.99,0.1,2499.89
1364,4,110,1,470.99,0.07,470.92
1365,1,144,1,1549.99,0.07,1549.92
1365,2,58,1,4999.99,0.07,4999.92
1365,3,236,1,749.99,0.05,749.94
1366,1,115,1,3199.99,0.1,3199.89
1366,2,128,2,1899.0,0.2,3797.8
1366,3,200,1,3499.99,0.07,3499.92
1367,1,132,1,1499.99,0.1,1499.89
1367,2,131,2,2599.0,0.2,5197.8
1367,3,124,1,1499.0,0.07,1498.93
1367,4,24,2,549.99,0.05,1099.93
1368,1,66,1,250.99,0.1,250.89
1368,2,113,2,489.99,0.07,979.91
1368,3,186,1,4499.99,0.2,4499.79
1369,1,213,2,269.99,0.05,539.93
1370,1,7,1,3999.99,0.07,3999.92
1370,2,89,2,209.99,0.1,419.88
1370,3,208,2,1799.99,0.2,3599.78
1370,4,134,1,1499.99,0.1,1499.89
1371,1,223,2,529.99,0.07,1059.91
1371,2,8,2,1799.99,0.2,3599.78
1372,1,307,1,749.99,0.07,749.92
1372,2,283,2,319.99,0.2,639.78
1373,1,63,1,3499.99,0.1,3499.89
1374,1,181,2,2199.99,0.05,4399.93
1374,2,130,2,919.99,0.07,1839.91
1375,1,147,2,1799.99,0.05,3599.93
1375,2,182,1,2499.99,0.2,2499.79
1376,1,5,1,1320.99,0.07,1320.92
1377,1,153,2,4999.99,0.05,9999.93
1377,2,130,1,919.99,0.05,919.94
1377,3,48,1,1499.99,0.07,1499.92
1377,4,188,2,3499.99,0.07,6999.91
1378,1,96,2,349.99,0.07,699.91
1378,2,142,2,3199.99,0.07,6399.91
1378,3,2,2,749.99,0.2,1499.78
1378,4,110,1,470.99,0.07,470.92
1378,5,129,2,919.99,0.2,1839.78
1379,1,15,1,529.99,0.1,529.89
1379,2,118,1,999.99,0.1,999.89
1379,3,263,2,89.99,0.1,179.88
1380,1,255,2,899.99,0.1,1799.88
1380,2,229,2,429.99,0.07,859.91
1381,1,274,2,229.99,0.2,459.78
1381,2,214,2,899.99,0.1,1799.88
1382,1,232,1,479.99,0.2,479.79
1382,2,81,2,1099.99,0.05,2199.93
1382,3,225,1,959.99,0.1,959.89
1382,4,135,1,1499.99,0.07,1499.92
1382,5,238,1,749.99,0.2,749.79
1383,1,188,2,3499.99,0.2,6999.78
1383,2,65,2,346.99,0.05,693.93
1384,1,32,1,469.99,0.07,469.92
1384,2,142,2,3199.99,0.1,6399.88
1384,3,89,1,209.99,0.1,209.89
1384,4,97,1,349.99,0.05,349.94
1385,1,24,2,549.99,0.05,1099.93
1385,2,145,1,1799.99,0.07,1799.92
1385,3,39,2,1499.99,0.1,2999.88
1385,4,135,1,1499.99,0.05,1499.94
1386,1,292,1,369.99,0.2,369.79
1386,2,262,1,249.99,0.1,249.89
1386,3,306,1,899.99,0.1,899.89
1386,4,150,1,4499.99,0.07,4499.92
1387,1,106,1,449.99,0.1,449.89
1388,1,251,1,2999.99,0.1,2999.89
1389,1,85,2,329.99,0.1,659.88
1389,2,171,2,3199.99,0.05,6399.93
1389,3,227,1,319.99,0.07,319.92
1390,1,41,2,1469.99,0.05,2939.93
1390,2,27,2,999.99,0.05,1999.93
1390,3,306,1,899.99,0.1,899.89
1390,4,104,1,481.99,0.05,481.94
1390,5,147,2,1799.99,0.1,3599.88
1391,1,223,2,529.99,0.07,1059.91
1391,2,295,2,319.99,0.2,639.78
1391,3,277,1,369.99,0.2,369.79
1392,1,87,2,189.99,0.2,379.78
1392,2,240,2,899.99,0.05,1799.93
1393,1,92,1,209.99,0.07,209.92
1393,2,82,1,659.99,0.07,659.92
1393,3,47,2,5299.99,0.05,10599.93
1393,4,268,2,159.99,0.05,319.93
1394,1,165,2,2499.99,0.05,4999.93
1395,1,204,1,3599.99,0.2,3599.79
1395,2,48,2,1499.99,0.1,2999.88
1395,3,180,2,919.99,0.2,1839.78
1395,4,226,1,679.99,0.1,679.89
1396,1,57,1,1999.99,0.05,1999.94
1396,2,181,1,2199.99,0.2,2199.79
1397,1,127,2,469.99,0.1,939.88
1397,2,139,1,2999.99,0.07,2999.92
1397,3,7,1,3999.99,0.05,3999.94
1397,4,249,1,749.99,0.05,749.94
1397,5,78,2,647.99,0.1,1295.88
1398,1,69,2,416.99,0.05,833.93
1398,2,53,1,749.99,0.2,749.79
1399,1,210,2,1549.0,0.2,3097.8
1399,2,224,1,479.99,0.05,479.94
1399,3,127,2,469.99,0.07,939.91
1399,4,28,1,2499.99,0.05,2499.94
1400,1,24,2,549.99,0.2,1099.78
1400,2,217,2,909.99,0.2,1819.78
1400,3,275,1,229.99,0.1,229.89
1400,4,90,1,209.99,0.07,209.92
1401,1,112,1,379.99,0.07,379.92
1401,2,230,1,429.99,0.05,429.94
1401,3,254,2,749.99,0.2,1499.78
1402,1,189,2,2799.99,0.2,5599.78
1402,2,28,2,2499.99,0.05,4999.93
1402,3,203,1,4999.99,0.05,4999.94
1402,4,273,1,289.99,0.07,289.92
1403,1,93,2,209.99,0.1,419.88
1404,1,112,2,379.99,0.05,759.93
1404,2,220,1,269.99,0.1,269.89
1404,3,193,2,2799.99,0.2,5599.78
1405,1,162,2,2999.99,0.1,5999.88
1406,1,230,2,429.99,0.05,859.93
1406,2,113,1,489.99,0.1,489.89
1407,1,300,1,799.99,0.05,799.94
1407,2,36,2,832.99,0.1,1665.88
1407,3,266,1,399.99,0.1,399.89
1407,4,35,1,832.99,0.2,832.79
1408,1,23,2,299.99,0.2,599.78
1408,2,166,1,749.99,0.2,749.79
1408,3,114,1,579.99,0.07,579.92
1408,4,137,2,2599.0,0.2,5197.8
1409,1,301,2,899.99,0.07,1799.91
1409,2,170,1,1299.99,0.07,1299.92
1409,3,171,2,3199.99,0.05,6399.93
1409,4,265,1,289.99,0.05,289.94
1409,5,222,1,269.99,0.1,269.89
1410,1,205,2,4999.99,0.1,9999.88
1410,2,203,2,4999.99,0.2,9999.78
1410,3,304,1,679.99,0.1,679.89
1411,1,9,1,2999.99,0.1,2999.89
1411,2,308,2,749.99,0.2,1499.78
1412,1,180,2,919.99,0.07,1839.91
1412,2,43,1,5299.99,0.1,5299.89
1412,3,109,2,416.99,0.07,833.91
1413,1,297,2,279.99,0.05,559.93
1414,1,162,2,2999.99,0.1,5999.88
1414,2,292,2,369.99,0.05,739.93
1415,1,31,2,1632.99,0.07,3265.91
1415,2,17,1,429.0,0.05,428.95
1415,3,264,2,249.99,0.1,499.88
1415,4,245,1,659.99,0.05,659.94
1416,1,194,1,3499.99,0.2,3499.79
1416,2,242,2,699.99,0.1,1399.88
1416,3,92,2,209.99,0.05,419.93
1417,1,219,2,639.99,0.2,1279.78
1418,1,120,2,2499.99,0.2,4999.78
1418,2,243,2,679.99,0.05,1359.93
1419,1,124,1,1499.0,0.07,1498.93
1419,2,235,2,899.99,0.2,1799.78
1419,3,234,1,899.99,0.1,899.89
1420,1,197,1,2299.99,0.2,2299.79
1420,2,194,2,3499.99,0.1,6999.88
1420,3,128,1,1899.0,0.1,1898.9
1421,1,298,2,279.99,0.05,559.93
1422,1,80,2,761.99,0.07,1523.91
1422,2,180,2,919.99,0.2,1839.78
1422,3,243,1,679.99,0.05,679.94
1423,1,249,1,749.99,0.2,749.79
1423,2,71,1,416.99,0.1,416.89
1423,3,302,1,449.99,0.2,449.79
1423,4,113,2,489.99,0.2,979.78
1424,1,140,2,4999.99,0.2,9999.78
1425,1,227,2,319.99,0.05,639.93
1425,2,263,1,89.99,0.07,89.92
1425,3,93,1,209.99,0.07,209.92
1425,4,54,2,3199.99,0.05,6399.93
1425,5,145,2,1799.99,0.07,3599.91
1426,1,215,1,749.99,0.07,749.92
1426,2,20,2,599.99,0.05,1199.93
1426,3,281,1,319.99,0.07,319.92
1427,1,230,2,429.99,0.07,859.91
1427,2,139,1,2999.99,0.05,2999.94
1427,3,164,2,1549.0,0.07,3097.93
1428,1,216,2,899.99,0.2,1799.78
1428,2,126,1,469.99,0.07,469.92
1428,3,187,2,2799.99,0.07,5599.91
1428,4,28,1,2499.99,0.1,2499.89
1428,5,194,2,3499.99,0.2,6999.78
1429,1,70,2,659.99,0.2,1319.78
1430,1,221,1,319.99,0.05,319.94
1430,2,281,1,319.99,0.07,319.92
1431,1,207,1,3999.99,0.1,3999.89
1431,2,53,1,749.99,0.07,749.92
1431,3,252,1,2999.99,0.2,2999.79
1431,4,254,1,749.99,0.07,749.92
1432,1,161,1,1899.0,0.2,1898.8
1433,1,264,1,249.99,0.07,249.92
1434,1,229,2,429.99,0.2,859.78
1434,2,198,1,2999.99,0.1,2999.89
1434,3,286,2,279.99,0.1,559.88
1434,4,61,2,4999.99,0.07,9999.91
1435,1,141,2,1599.99,0.07,3199.91
1435,2,29,1,999.99,0.2,999.79
1435,3,60,1,1559.99,0.1,1559.89
1435,4,260,1,799.99,0.07,799.92
1436,1,244,2,559.99,0.07,1119.91
1437,1,141,2,1599.99,0.05,3199.93
1438,1,225,1,959.99,0.2,959.79
1438,2,140,1,4999.99,0.2,4999.79
1438,3,81,2,1099.99,0.05,2199.93
1438,4,137,1,2599.0,0.1,2598.9
1438,5,190,2,2799.99,0.07,5599.91
1439,1,42,1,2299.99,0.07,2299.92
1439,2,263,1,89.99,0.2,89.79
1439,3,102,2,489.99,0.05,979.93
1439,4,149,1,7499.99,0.05,7499.94
1440,1,116,2,749.99,0.07,1499.91
1440,2,109,1,416.99,0.07,416.92
1440,3,186,1,4499.99,0.1,4499.89
1440,4,178,2,749.99,0.05,1499.93
1440,5,67,2,250.99,0.2,501.78
1441,1,6,1,469.99,0.05,469.94
1441,2,242,2,699.99,0.2,1399.78
1441,3,46,1,1409.99,0.07,1409.92
1442,1,160,1,4499.99,0.1,4499.89
1442,2,220,1,269.99,0.07,269.92
1442,3,271,2,209.99,0.05,419.93
1443,1,160,1,4499.99,0.07,4499.92
1443,2,57,1,1999.99,0.2,1999.79
1443,3,101,2,339.99,0.1,679.88
1444,1,90,1,209.99,0.1,209.89
1444,2,128,2,1899.0,0.2,3797.8
1445,1,219,2,639.99,0.1,1279.88
1445,2,52,1,875.99,0.07,875.92
1445,3,123,2,999.99,0.1,1999.88
1446,1,227,1,319.99,0.05,319.94
1446,2,233,2,639.99,0.05,1279.93
1446,3,234,2,899.99,0.05,1799.93
1447,1,148,1,5499.99,0.2,5499.79
1448,1,239,1,749.99,0.1,749.89
1449,1,159,1,2299.99,0.07,2299.92
1449,2,55,1,2699.99,0.2,2699.79
1449,3,260,2,799.99,0.07,1599.91
1449,4,252,2,2999.99,0.05,5999.93
1449,5,14,2,269.99,0.1,539.88
1450,1,98,1,489.99,0.07,489.92
1450,2,173,2,3199.99,0.1,6399.88
1450,3,299,1,559.99,0.2,559.79
1450,4,209,2,2999.99,0.1,5999.88
1450,5,235,2,899.99,0.05,1799.93
1451,1,117,1,1469.99,0.05,1469.94
1452,1,99,2,299.99,0.1,599.88
1452,2,234,1,899.99,0.2,899.79
1452,3,86,2,149.99,0.05,299.93
1452,4,109,2,416.99,0.07,833.91
1453,1,89,2,209.99,0.1,419.88
1454,1,283,1,319.99,0.07,319.92
1454,2,35,2,832.99,0.1,1665.88
1454,3,124,1,1499.0,0.2,1498.8
1454,4,38,2,549.99,0.05,1099.93
1455,1,101,2,339.99,0.05,679.93
1455,2,254,1,749.99,0.2,749.79
1456,1,193,2,2799.99,0.05,5599.93
1456,2,246,1,639.99,0.07,639.92
1456,3,268,2,159.99,0.1,319.88
1456,4,272,1,289.99,0.1,289.89
1456,5,126,1,469.99,0.1,469.89
1457,1,113,1,489.99,0.07,489.92
1457,2,111,1,470.99,0.2,470.79
1457,3,268,1,159.99,0.2,159.79
1457,4,152,2,2499.99,0.2,4999.78
1458,1,295,2,319.99,0.05,639.93
1458,2,105,1,533.99,0.05,533.94
1458,3,12,1,549.99,0.05,549.94
1458,4,78,2,647.99,0.1,1295.88
1459,1,258,1,1259.9,0.1,1259.8
1460,1,201,1,4499.99,0.05,4499.94
1460,2,76,1,299.99,0.07,299.92
1460,3,167,1,749.99,0.05,749.94
1460,4,7,2,3999.99,0.07,7999.91
1460,5,123,2,999.99,0.07,1999.91
1461,1,48,1,1499.99,0.2,1499.79
1461,2,242,2,699.99,0.2,1399.78
1462,1,263,1,89.99,0.2,89.79
1462,2,25,1,499.99,0.07,499.92
1462,3,223,1,529.99,0.1,529.89
1462,4,294,1,369.99,0.1,369.89
1462,5,251,1,2999.99,0.05,2999.94
1463,1,51,2,6499.99,0.05,12999.93
1463,2,168,1,1549.0,0.05,1548.95
1464,1,109,2,416.99,0.05,833.93
1464,2,124,1,1499.0,0.2,1498.8
1464,3,165,2,2499.99,0.2,4999.78
1464,4,151,2,1549.99,0.05,3099.93
1465,1,70,2,659.99,0.05,1319.93
1466,1,310,2,899.99,0.07,1799.91
1466,2,251,1,2999.99,0.05,2999.94
1466,3,163,2,1349.0,0.2,2697.8
1466,4,39,2,1499.99,0.05,2999.93
1467,1,18,1,449.0,0.07,448.93
1467,2,115,1,3199.99,0.2,3199.79
1467,3,278,2,369.99,0.1,739.88
1468,1,269,1,199.99,0.05,199.94
1468,2,58,1,4999.99,0.07,4999.92
1468,3,50,2,5999.99,0.07,11999.91
1469,1,77,2,799.99,0.2,1599.78
1469,2,237,2,849.99,0.05,1699.93
1469,3,182,1,2499.99,0.07,2499.92
1469,4,100,2,489.99,0.05,979.93
1470,1,110,2,470.99,0.1,941.88
1470,2,287,1,279.99,0.05,279.94
1470,3,252,2,2999.99,0.05,5999.93
1471,1,59,2,2599.99,0.2,5199.78
1471,2,136,1,1799.99,0.07,1799.92
1472,1,84,1,109.99,0.2,109.79
1472,2,300,1,799.99,0.2,799.79
1473,1,84,2,109.99,0.2,219.78
1473,2,102,1,489.99,0.07,489.92
1474,1,301,1,899.99,0.2,899.79
1474,2,123,1,999.99,0.05,999.94
1475,1,306,2,899.99,0.05,1799.93
1475,2,261,2,899.99,0.07,1799.91
1475,3,161,2,1899.0,0.05,3797.95
1475,4,248,2,599.99,0.2,1199.78
1476,1,142,2,3199.99,0.07,6399.91
1476,2,91,2,349.99,0.07,699.91
1476,3,43,1,5299.99,0.07,5299.92
1476,4,191,1,2799.99,0.1,2799.89
1476,5,265,2,289.99,0.1,579.88
1477,1,210,2,1549.0,0.2,3097.8
1478,1,100,2,489.99,0.1,979.88
1478,2,123,1,999.99,0.2,999.79
1479,1,252,1,2999.99,0.05,2999.94
1479,2,256,1,899.99,0.1,899.89
1480,1,308,2,749.99,0.1,1499.88
1480,2,82,2,659.99,0.1,1319.88
1480,3,92,2,209.99,0.07,419.91
1480,4,225,2,959.99,0.07,1919.91
1481,1,53,2,749.99,0.07,1499.91
1481,2,130,1,919.99,0.1,919.89
1482,1,48,1,1499.99,0.1,1499.89
1482,2,113,1,489.99,0.05,489.94
1482,3,58,2,4999.99,0.07,9999.91
1482,4,40,1,4999.99,0.05,4999.94
1482,5,205,2,4999.99,0.05,9999.93
1483,1,280,1,489.99,0.05,489.94
1483,2,226,2,679.99,0.07,1359.91
1484,1,295,2,319.99,0.07,639.91
1484,2,49,2,3499.99,0.2,6999.78
1484,3,304,2,679.99,0.05,1359.93
1485,1,122,2,2499.99,0.2,4999.78
1485,2,276,1,319.99,0.2,319.79
1486,1,60,2,1559.99,0.05,3119.93
1486,2,98,1,489.99,0.05,489.94
1486,3,113,1,489.99,0.1,489.89
1486,4,269,1,199.99,0.1,199.89
1487,1,160,1,4499.99,0.07,4499.92
1487,2,151,2,1549.99,0.2,3099.78
1487,3,198,1,2999.99,0.05,2999.94
1487,4,196,1,2299.99,0.05,2299.94
1487,5,96,2,349.99,0.2,699.78
1488,1,42,1,2299.99,0.07,2299.92
1488,2,122,1,2499.99,0.07,2499.92
1489,1,198,1,2999.99,0.2,2999.79
1489,2,282,2,279.99,0.2,559.78
1489,3,52,1,875.99,0.1,875.89
1490,1,99,1,299.99,0.1,299.89
1490,2,254,1,749.99,0.1,749.89
1490,3,218,1,319.99,0.05,319.94
1491,1,95,2,299.99,0.2,599.78
1491,2,302,1,449.99,0.05,449.94
1491,3,60,2,1559.99,0.07,3119.91
1491,4,139,2,2999.99,0.07,5999.91
1492,1,37,2,379.99,0.1,759.88
1493,1,230,1,429.99,0.1,429.89
1494,1,230,2,429.99,0.1,859.88
1494,2,178,2,749.99,0.2,1499.78
1494,3,264,2,249.99,0.05,499.93
1495,1,292,2,369.99,0.05,739.93
1495,2,308,2,749.99,0.2,1499.78
1495,3,137,1,2599.0,0.1,2598.9
1496,1,248,1,599.99,0.07,599.92
1496,2,214,1,899.99,0.07,899.92
1496,3,224,2,479.99,0.05,959.93
1496,4,302,1,449.99,0.05,449.94
1496,5,225,2,959.99,0.2,1919.78
1497,1,141,2,1599.99,0.2,3199.78
1497,2,198,2,2999.99,0.1,5999.88
1497,3,204,2,3599.99,0.07,7199.91
1498,1,172,1,3199.99,0.05,3199.94
1498,2,260,2,799.99,0.07,1599.91
1499,1,110,1,470.99,0.05,470.94
1499,2,208,1,1799.99,0.07,1799.92
1499,3,268,2,159.99,0.05,319.93
1499,4,2,1,749.99,0.05,749.94
1499,5,171,2,3199.99,0.1,6399.88
1500,1,41,2,1469.99,0.07,2939.91
1500,2,293,1,319.99,0.07,319.92
1501,1,248,1,599.99,0.05,599.94
1501,2,219,1,639.99,0.07,639.92
1501,3,15,1,529.99,0.05,529.94
1501,4,67,1,250.99,0.2,250.79
1501,5,210,1,1549.0,0.05,1548.95
1502,1,231,2,529.99,0.2,1059.78
1502,2,19,2,449.0,0.07,897.93
1502,3,26,2,599.99,0.07,1199.91
1502,4,268,1,159.99,0.2,159.79
1502,5,255,1,899.99,0.07,899.92
1503,1,217,1,909.99,0.1,909.89
1503,2,302,2,449.99,0.05,899.93
1504,1,276,1,319.99,0.07,319.92
1505,1,223,2,529.99,0.05,1059.93
1505,2,24,2,549.99,0.07,1099.91
1505,3,43,2,5299.99,0.05,10599.93
1506,1,184,1,3499.99,0.05,3499.94
1506,2,153,2,4999.99,0.2,9999.78
1506,3,149,2,7499.99,0.05,14999.93
1507,1,39,2,1499.99,0.2,2999.78
1507,2,11,2,1680.99,0.1,3361.88
1507,3,259,1,1199.99,0.07,1199.92
1507,4,281,1,319.99,0.07,319.92
1507,5,293,2,319.99,0.05,639.93
1508,1,37,1,379.99,0.2,379.79
1508,2,109,1,416.99,0.1,416.89
1508,3,52,2,875.99,0.05,1751.93
1508,4,88,1,189.99,0.05,189.94
1509,1,215,2,749.99,0.07,1499.91
1510,1,142,2,3199.99,0.05,6399.93
1510,2,68,1,449.99,0.1,449.89
1510,3,251,2,2999.99,0.1,5999.88
1510,4,220,2,269.99,0.1,539.88
1510,5,137,1,2599.0,0.05,2598.95
1511,1,144,2,1549.99,0.2,3099.78
1511,2,288,1,389.99,0.07,389.92
1511,3,17,2,429.0,0.07,857.93
1511,4,41,1,1469.99,0.05,1469.94
1511,5,124,2,1499.0,0.2,2997.8
1512,1,217,1,909.99,0.07,909.92
1513,1,166,1,749.99,0.1,749.89
1513,2,61,2,4999.99,0.05,9999.93
1513,3,159,2,2299.99,0.05,4599.93
1514,1,240,2,899.99,0.1,1799.88
1514,2,203,2,4999.99,0.05,9999.93
1515,1,27,2,999.99,0.2,1999.78
1515,2,202,2,3499.99,0.1,6999.88
1515,3,310,2,899.99,0.05,1799.93
1515,4,40,1,4999.99,0.1,4999.89
1515,5,158,2,959.99,0.2,1919.78
1516,1,172,2,3199.99,0.1,6399.88
1516,2,253,1,2599.99,0.1,2599.89
1516,3,196,2,2299.99,0.2,4599.78
1516,4,259,2,1199.99,0.2,2399.78
1516,5,271,2,209.99,0.2,419.78
1517,1,303,2,2599.99,0.07,5199.91
1517,2,226,2,679.99,0.05,1359.93
1518,1,304,2,679.99,0.1,1359.88
1518,2,182,2,2499.99,0.05,4999.93
1518,3,252,2,2999.99,0.05,5999.93
1519,1,150,1,4499.99,0.2,4499.79
1519,2,85,2,329.99,0.2,659.78
1519,3,124,2,1499.0,0.07,2997.93
1519,4,65,1,346.99,0.2,346.79
1519,5,265,2,289.99,0.05,579.93
1520,1,186,1,4499.99,0.05,4499.94
1520,2,188,2,3499.99,0.2,6999.78
1520,3,310,2,899.99,0.07,1799.91
1520,4,263,2,89.99,0.1,179.88
1521,1,100,1,489.99,0.2,489.79
1521,2,314,2,679.99,0.2,1359.78
1521,3,123,1,999.99,0.1,999.89
1521,4,135,2,1499.99,0.2,2999.78
1522,1,95,1,299.99,0.1,299.89
1522,2,141,1,1599.99,0.07,1599.92
1522,3,117,1,1469.99,0.07,1469.92
1523,1,311,2,749.99,0.2,1499.78
1524,1,168,1,1549.0,0.1,1548.9
1524,2,295,2,319.99,0.2,639.78
1524,3,313,1,449.99,0.2,449.79
1524,4,252,2,2999.99,0.2,5999.78
1525,1,156,1,6499.99,0.1,6499.89
1525,2,163,2,1349.0,0.07,2697.93
1525,3,193,1,2799.99,0.07,2799.92
1526,1,151,1,1549.99,0.07,1549.92
1526,2,56,1,5499.99,0.1,5499.89
1526,3,238,1,749.99,0.1,749.89
1526,4,243,1,679.99,0.05,679.94
1527,1,33,1,469.99,0.1,469.89
1527,2,103,1,551.99,0.05,551.94
1527,3,57,2,1999.99,0.05,3999.93
1528,1,229,2,429.99,0.2,859.78
1529,1,23,1,299.99,0.05,299.94
1529,2,50,2,5999.99,0.1,11999.88
1530,1,213,2,269.99,0.1,539.88
1530,2,116,1,749.99,0.1,749.89
1531,1,128,1,1899.0,0.1,1898.9
1532,1,209,2,2999.99,0.07,5999.91
1533,1,274,2,229.99,0.1,459.88
1533,2,78,1,647.99,0.1,647.89
1533,3,96,1,349.99,0.1,349.89
1533,4,235,2,899.99,0.1,1799.88
1533,5,51,1,6499.99,0.1,6499.89
1534,1,194,1,3499.99,0.1,3499.89
1534,2,117,1,1469.99,0.05,1469.94
1534,3,269,2,199.99,0.2,399.78
1534,4,172,2,3199.99,0.2,6399.78
1535,1,92,1,209.99,0.05,209.94
1535,2,75,2,599.99,0.05,1199.93
1536,1,183,1,2199.99,0.2,2199.79
1536,2,185,2,2799.99,0.07,5599.91
1536,3,196,2,2299.99,0.2,4599.78
1537,1,237,2,849.99,0.05,1699.93
1538,1,206,1,3299.99,0.07,3299.92
1538,2,46,2,1409.99,0.07,2819.91
1538,3,117,1,1469.99,0.07,1469.92
1538,4,197,1,2299.99,0.2,2299.79
1538,5,306,2,899.99,0.05,1799.93
1539,1,6,2,469.99,0.05,939.93
1539,2,12,2,549.99,0.05,1099.93
1540,1,71,2,416.99,0.05,833.93
1540,2,236,1,749.99,0.07,749.92
1540,3,224,1,479.99,0.05,479.94
1540,4,177,2,5499.99,0.05,10999.93
1540,5,78,1,647.99,0.2,647.79
1541,1,155,2,11999.99,0.1,23999.88
1541,2,248,2,599.99,0.07,1199.91
1541,3,142,2,3199.99,0.1,6399.88
1541,4,17,1,429.0,0.1,428.9
1541,5,86,2,149.99,0.05,299.93
1542,1,79,1,402.99,0.2,402.79
1542,2,122,2,2499.99,0.05,4999.93
1542,3,184,2,3499.99,0.2,6999.78
1542,4,37,2,379.99,0.1,759.88
1542,5,297,1,279.99,0.2,279.79
1543,1,108,2,449.99,0.1,899.88
1543,2,93,1,209.99,0.2,209.79
1543,3,158,2,959.99,0.07,1919.91
1543,4,97,2,349.99,0.05,699.93
1543,5,136,1,1799.99,0.2,1799.79
1544,1,194,2,3499.99,0.1,6999.88
1544,2,107,2,416.99,0.2,833.78
1545,1,45,1,869.99,0.1,869.89
1546,1,156,1,6499.99,0.1,6499.89
1546,2,185,2,2799.99,0.1,5599.88
1546,3,215,1,749.99,0.1,749.89
1546,4,25,1,499.99,0.05,499.94
1547,1,106,2,449.99,0.2,899.78
1547,2,204,1,3599.99,0.2,3599.79
1548,1,32,1,469.99,0.1,469.89
1548,2,202,1,3499.99,0.07,3499.92
1548,3,62,2,3499.99,0.2,6999.78
1549,1,158,1,959.99,0.2,959.79
1549,2,119,1,469.99,0.05,469.94
1549,3,249,2,749.99,0.05,1499.93
1549,4,242,2,699.99,0.1,1399.88
1550,1,315,2,559.99,0.05,1119.93
1550,2,245,1,659.99,0.07,659.92
1550,3,185,2,2799.99,0.1,5599.88
1550,4,148,1,5499.99,0.07,5499.92
1550,5,86,2,149.99,0.05,299.93
1551,1,207,2,3999.99,0.2,7999.78
1552,1,197,1,2299.99,0.1,2299.89
1552,2,41,2,1469.99,0.05,2939.93
1553,1,102,1,489.99,0.07,489.92
1553,2,12,1,549.99,0.1,549.89
1553,3,251,1,2999.99,0.05,2999.94
1553,4,89,1,209.99,0.05,209.94
1554,1,166,1,749.99,0.05,749.94
1554,2,285,1,279.99,0.2,279.79
1555,1,24,2,549.99,0.1,1099.88
1555,2,156,1,6499.99,0.1,6499.89
1555,3,126,1,469.99,0.1,469.89
1555,4,128,2,1899.0,0.05,3797.95
1555,5,174,1,3199.99,0.2,3199.79
1556,1,49,2,3499.99,0.2,6999.78
1556,2,82,1,659.99,0.07,659.92
1556,3,265,1,289.99,0.1,289.89
1556,4,119,2,469.99,0.05,939.93
1556,5,235,2,899.99,0.1,1799.88
1557,1,163,2,1349.0,0.07,2697.93
1558,1,46,2,1409.99,0.07,2819.91
1558,2,123,1,999.99,0.07,999.92
1558,3,4,1,2899.99,0.05,2899.94
1558,4,55,1,2699.99,0.2,2699.79
1558,5,253,1,2599.99,0.07,2599.92
1559,1,101,2,339.99,0.07,679.91
1559,2,18,1,449.0,0.1,448.9
1559,3,54,2,3199.99,0.1,6399.88
1559,4,221,1,319.99,0.1,319.89
1560,1,118,2,999.99,0.2,1999.78
1560,2,41,1,1469.99,0.2,1469.79
1561,1,181,2,2199.99,0.07,4399.91
1561,2,297,2,279.99,0.05,559.93
1562,1,54,1,3199.99,0.2,3199.79
1562,2,66,1,250.99,0.2,250.79
1562,3,115,2,3199.99,0.07,6399.91
1563,1,188,1,3499.99,0.07,3499.92
1564,1,309,1,899.99,0.07,899.92
1564,2,14,1,269.99,0.1,269.89
1565,1,37,1,379.99,0.07,379.92
1565,2,92,1,209.99,0.1,209.89
1565,3,261,1,899.99,0.1,899.89
1565,4,95,1,299.99,0.07,299.92
1565,5,226,2,679.99,0.2,1359.78
1566,1,179,1,919.99,0.05,919.94
1566,2,61,2,4999.99,0.05,9999.93
1567,1,279,1,319.99,0.2,319.79
1568,1,146,1,4999.99,0.2,4999.79
1568,2,105,1,533.99,0.07,533.92
1568,3,301,1,899.99,0.1,899.89
1569,1,252,1,2999.99,0.1,2999.89
1570,1,155,1,11999.99,0.07,11999.92
1571,1,312,2,699.99,0.1,1399.88
1571,2,212,1,559.99,0.07,559.92
1571,3,20,2,599.99,0.2,1199.78
1572,1,216,2,899.99,0.05,1799.93
1572,2,198,1,2999.99,0.2,2999.79
1572,3,115,1,3199.99,0.05,3199.94
1572,4,304,2,679.99,0.2,1359.78
1573,1,9,1,2999.99,0.05,2999.94
1573,2,129,1,919.99,0.07,919.92
1573,3,15,2,529.99,0.1,1059.88
1573,4,216,2,899.99,0.07,1799.91
1573,5,263,2,89.99,0.1,179.88
1574,1,127,1,469.99,0.1,469.89
1575,1,44,1,539.99,0.07,539.92
1575,2,207,2,3999.99,0.1,7999.88
1575,3,213,1,269.99,0.07,269.92
1575,4,126,2,469.99,0.05,939.93
1575,5,92,2,209.99,0.2,419.78
1576,1,69,1,416.99,0.05,416.94
1576,2,293,1,319.99,0.05,319.94
1576,3,202,2,3499.99,0.05,6999.93
1577,1,298,2,279.99,0.05,559.93
1577,2,111,2,470.99,0.1,941.88
1577,3,300,2,799.99,0.2,1599.78
1577,4,131,2,2599.0,0.07,5197.93
1577,5,282,2,279.99,0.05,559.93
1578,1,204,2,3599.99,0.07,7199.91
1578,2,310,1,899.99,0.05,899.94
1578,3,241,2,749.99,0.2,1499.78
1579,1,49,1,3499.99,0.05,3499.94
1579,2,214,1,899.99,0.1,899.89
1579,3,286,1,279.99,0.07,279.92
1579,4,65,2,346.99,0.1,693.88
1580,1,119,2,469.99,0.07,939.91
1580,2,86,2,149.99,0.2,299.78
1581,1,64,1,489.99,0.1,489.89
1581,2,272,1,289.99,0.2,289.79
1582,1,75,1,599.99,0.07,599.92
1582,2,133,2,1499.99,0.07,2999.91
1583,1,15,1,529.99,0.05,529.94
1583,2,265,2,289.99,0.2,579.78
1584,1,45,2,869.99,0.1,1739.88
1584,2,216,2,899.99,0.1,1799.88
1584,3,43,1,5299.99,0.2,5299.79
1584,4,187,1,2799.99,0.1,2799.89
1584,5,147,2,1799.99,0.07,3599.91
1585,1,313,1,449.99,0.1,449.89
1585,2,106,2,449.99,0.1,899.88
1585,3,207,2,3999.99,0.07,7999.91
1585,4,95,1,299.99,0.1,299.89
1585,5,191,1,2799.99,0.1,2799.89
1586,1,22,2,269.99,0.1,539.88
1586,2,277,1,369.99,0.07,369.92
1586,3,295,1,319.99,0.05,319.94
1586,4,173,1,3199.99,0.2,3199.79
1586,5,36,1,832.99,0.1,832.89
1587,1,104,1,481.99,0.1,481.89
1587,2,63,2,3499.99,0.05,6999.93
1587,3,78,2,647.99,0.05,1295.93
1587,4,300,2,799.99,0.07,1599.91
1588,1,93,2,209.99,0.07,419.91
1589,1,246,2,639.99,0.05,1279.93
1589,2,260,1,799.99,0.2,799.79
1589,3,28,2,2499.99,0.1,4999.88
1590,1,175,2,3199.99,0.07,6399.91
1590,2,248,1,599.99,0.2,599.79
1590,3,23,1,299.99,0.07,299.92
1591,1,286,2,279.99,0.2,559.78
1591,2,126,2,469.99,0.2,939.78
1591,3,97,2,349.99,0.07,699.91
1591,4,138,2,2249.99,0.05,4499.93
1591,5,265,1,289.99,0.2,289.79
1592,1,211,2,1549.0,0.05,3097.95
1592,2,159,1,2299.99,0.07,2299.92
1592,3,40,2,4999.99,0.07,9999.91
1592,4,9,1,2999.99,0.2,2999.79
1592,5,271,2,209.99,0.05,419.93
1593,1,97,2,349.99,0.2,699.78
1593,2,34,1,469.99,0.07,469.92
1593,3,190,2,2799.99,0.1,5599.88
1593,4,107,1,416.99,0.05,416.94
1593,5,169,2,6499.99,0.07,12999.91
1594,1,79,2,402.99,0.1,805.88
1594,2,105,1,533.99,0.1,533.89
1595,1,112,1,379.99,0.2,379.79
1596,1,91,1,349.99,0.05,349.94
1596,2,18,1,449.0,0.1,448.9
1597,1,176,1,3199.99,0.07,3199.92
1597,2,59,1,2599.99,0.07,2599.92
1598,1,247,1,599.99,0.2,599.79
1598,2,49,2,3499.99,0.07,6999.91
1598,3,88,1,189.99,0.2,189.79
1599,1,104,2,481.99,0.2,963.78
1600,1,146,1,4999.99,0.1,4999.89
1600,2,295,1,319.99,0.05,319.94
1600,3,36,1,832.99,0.2,832.79
1601,1,114,2,579.99,0.2,1159.78
1601,2,10,1,1549.0,0.2,1548.8
1601,3,220,2,269.99,0.07,539.91
1601,4,7,2,3999.99,0.07,7999.91
1601,5,180,1,919.99,0.1,919.89
1602,1,71,2,416.99,0.05,833.93
1602,2,37,1,379.99,0.07,379.92
1602,3,275,2,229.99,0.2,459.78
1602,4,257,2,899.99,0.05,1799.93
1603,1,275,2,229.99,0.05,459.93
1604,1,271,1,209.99,0.1,209.89
1605,1,72,1,619.99,0.1,619.89
1605,2,186,1,4499.99,0.2,4499.79
1605,3,132,2,1499.99,0.1,2999.88
1605,4,301,1,899.99,0.1,899.89
1605,5,29,1,999.99,0.07,999.92
1606,1,245,1,659.99,0.1,659.89
1606,2,271,1,209.99,0.1,209.89
1607,1,29,1,999.99,0.05,999.94
1608,1,231,2,529.99,0.05,1059.93
1609,1,96,1,349.99,0.2,349.79
1609,2,238,2,749.99,0.2,1499.78
1609,3,228,2,319.99,0.1,639.88
1609,4,105,1,533.99,0.2,533.79
1610,1,36,1,832.99,0.07,832.92
1610,2,173,2,3199.99,0.2,6399.78
1611,1,191,1,2799.99,0.07,2799.92
1611,2,171,2,3199.99,0.1,6399.88
1611,3,236,1,749.99,0.2,749.79
1612,1,242,1,699.99,0.1,699.89
1612,2,289,2,319.99,0.05,639.93
1612,3,101,2,339.99,0.2,679.78
1612,4,293,2,319.99,0.07,639.91
1612,5,60,1,1559.99,0.1,1559.89
1613,1,153,1,4999.99,0.07,4999.92
1613,2,283,2,319.99,0.05,639.93
1614,1,124,1,1499.0,0.07,1498.93
1614,2,159,2,2299.99,0.07,4599.91
1614,3,213,2,269.99,0.2,539.78
1615,1,197,2,2299.99,0.2,4599.78
1615,2,214,1,899.99,0.07,899.92
1615,3,182,1,2499.99,0.2,2499.79
